local_authority_code,local_authority_name,total,total,total,total,total,total,total,total,asian,asian,asian,asian,asian,asian,asian,asian,black_british,black_british,black_british,black_british,black_british,black_british,black_british,black_british,mixed_multiple,mixed_multiple,mixed_multiple,mixed_multiple,mixed_multiple,mixed_multiple,mixed_multiple,mixed_multiple,white,white,white,white,white,white,white,white,other,other,other,other,other,other,other,other
,,total,no_qualification,level_1,level_2,apprenticeship,level_3,level_4,other,total,no_qualification,level_1,level_2,apprenticeship,level_3,level_4,other,total,no_qualification,level_1,level_2,apprenticeship,level_3,level_4,other,total,no_qualification,level_1,level_2,apprenticeship,level_3,level_4,other,total,no_qualification,level_1,level_2,apprenticeship,level_3,level_4,other,total,no_qualification,level_1,level_2,apprenticeship,level_3,level_4,other
E06000001,Hartlepool,74688,17286,7076,10963,5205,13778,18525,1855,1182,286,103,138,28,129,459,39,279,45,34,37,16,38,92,17,376,71,23,73,14,73,114,8,72451,16716,6869,10681,5124,13521,17770,1770,400,168,47,34,23,17,90,21
E06000002,Middlesbrough,113935,27281,11221,15271,7040,19974,30125,3023,11159,2757,1023,1198,285,1395,4094,407,2714,560,228,221,74,253,1313,65,1615,268,150,261,74,335,491,36,96109,22833,9581,13414,6507,17789,23585,2400,2338,863,239,177,100,202,642,115
E06000003,Redcar and Cleveland,112344,24731,10986,15663,8693,21300,28003,2968,902,227,83,108,25,92,327,40,222,31,23,17,10,28,105,8,618,93,48,116,32,117,201,11,110240,24245,10786,15402,8613,21028,27273,2893,362,135,46,20,13,35,97,16
E06000004,Stockton-on-Tees,158016,29441,15327,23006,10567,29004,46648,4023,6615,1491,598,711,105,782,2682,246,1515,217,125,192,40,157,735,49,1453,170,99,228,92,284,555,25,147216,27262,14404,21788,10277,27680,42173,3632,1217,301,101,87,53,101,503,71
E06000005,Darlington,88106,16971,8276,12733,6216,16140,25517,2253,2231,468,212,223,79,223,950,76,529,51,46,51,24,83,257,17,789,88,49,126,43,172,295,16,83902,16142,7911,12284,6034,15618,23803,2110,655,222,58,49,36,44,212,34
E06000047,County Durham,433951,90804,41358,61724,27058,86414,116018,10575,6740,1010,332,454,128,1375,3173,268,1384,99,94,129,51,301,672,38,2994,300,142,399,68,1043,994,48,421210,89104,40674,60647,26759,83464,110415,10147,1623,291,116,95,52,231,764,74
E06000057,Northumberland,268844,48173,26051,38871,18625,47692,82650,6782,2713,545,188,275,59,283,1277,86,498,45,57,29,20,53,257,37,1335,142,103,249,41,251,527,22,263521,47273,25596,38262,18448,47037,80314,6591,777,168,107,56,57,68,275,46
E08000021,Newcastle upon Tyne,248452,46232,19729,25892,11944,52768,86063,5824,26227,5126,1868,1998,442,3624,12175,994,6613,1060,549,663,265,979,2863,234,4218,408,245,391,96,1278,1727,73,204842,37820,16536,22415,10982,46276,66633,4180,6552,1818,531,425,159,611,2665,343
E08000022,North Tyneside,171510,29967,16025,24300,11773,28969,56374,4102,4127,761,282,385,75,393,2094,137,926,89,46,80,31,141,509,30,1527,188,101,235,70,267,640,26,163981,28718,15527,23526,11565,28080,52730,3835,949,211,69,74,32,88,401,74
E08000023,South Tyneside,121291,24849,12323,17391,9706,22265,31708,3049,3135,745,295,369,81,379,1127,139,543,57,43,57,22,80,270,14,1216,192,114,177,62,203,448,20,115481,23576,11789,16708,9518,21512,29552,2826,916,279,82,80,23,91,311,50
E08000024,Sunderland,226075,51667,24531,33553,16312,38679,55535,5798,6139,1232,522,638,155,707,2649,236,1996,154,116,138,37,200,1293,58,1303,172,92,207,46,254,504,28,215453,49811,23718,32498,16034,37408,50565,5419,1184,298,83,72,40,110,524,57
E08000037,Gateshead,161744,34973,16021,22280,11628,27436,45249,4157,3777,852,302,291,66,387,1716,163,1520,204,142,167,46,209,708,44,1299,160,106,163,53,262,526,29,153058,33065,15241,21494,11392,26412,41660,3794,2090,692,230,165,71,166,639,127
E06000006,Halton,103949,21866,12338,17402,5718,19057,24876,2692,1142,252,98,110,25,94,524,39,423,96,40,38,14,40,188,7,1085,154,115,189,35,225,348,19,100724,21156,12028,17022,5613,18629,23676,2600,575,208,57,43,31,69,140,27
E06000007,Warrington,172719,28453,17236,25491,10298,29829,56955,4457,5250,859,364,462,75,440,2855,195,1210,124,89,139,46,126,661,25,1763,183,148,329,58,337,680,28,163135,26894,16522,24456,10077,28813,52241,4132,1361,393,113,105,42,113,518,77
E06000008,Blackburn with Darwen,119514,28925,12968,16575,6550,18824,32054,3618,38919,10779,4343,5337,728,5701,10568,1463,964,156,84,122,50,93,423,36,1343,211,120,240,46,243,457,26,76831,17292,8279,10759,5683,12655,20151,2012,1457,487,142,117,43,132,455,81
E06000009,Blackpool,116337,28574,13677,17468,7889,19380,26176,3173,2933,587,268,266,77,260,1357,118,583,111,53,66,15,74,245,19,1216,205,131,212,59,250,338,21,110906,27444,13167,16865,7714,18712,24035,2969,699,227,58,59,24,84,201,46
E06000049,Cheshire East,329475,49525,28569,45115,19394,55375,123787,7710,7631,1143,475,525,186,633,4409,260,1988,193,142,150,82,220,1153,48,3690,458,280,619,121,646,1506,60,313583,46963,27503,43652,18907,53668,115671,7219,2583,768,169,169,98,208,1048,123
E06000050,Cheshire West and Chester,295358,46770,27465,40468,15914,52461,105388,6892,5671,845,393,449,109,548,3140,187,1685,137,98,146,30,255,959,60,2918,311,189,475,78,609,1194,62,283369,45109,26655,39262,15643,50835,99355,6510,1715,368,130,136,54,214,740,73
,Cumberland,227858,46647,23234,32264,16997,40160,62867,5689,2271,512,186,184,67,189,1036,97,478,34,18,51,14,52,292,17,1146,144,98,171,40,223,445,25,223183,45723,22871,31806,16845,39622,60794,5522,780,234,61,52,31,74,300,28
,Westmorland and Furness,192171,30786,17565,25591,15528,34648,63596,4457,1812,330,126,154,43,174,918,67,472,31,23,36,13,92,270,7,1155,109,88,181,42,236,485,14,188175,30186,17296,25176,15408,34070,61705,4334,557,130,32,44,22,76,218,35
E07000117,Burnley,75195,18347,8369,10415,4921,12607,18299,2237,9586,3000,1211,1276,205,1137,2345,412,261,55,19,37,7,30,107,6,772,171,92,135,37,133,193,11,64030,14916,6969,8934,4645,11261,15526,1779,546,205,78,33,27,46,128,29
E07000118,Chorley,96371,15422,9006,13468,6465,17263,32614,2133,1711,328,154,211,31,195,732,60,537,53,42,62,18,82,272,8,981,108,95,164,37,193,368,16,92772,14863,8682,12989,6370,16758,31086,2024,370,70,33,42,9,35,156,25
E07000119,Fylde,69245,11118,6406,9602,4387,12055,23868,1809,961,138,63,96,23,103,498,40,272,36,24,23,7,34,141,7,663,72,67,112,31,106,272,3,67045,10799,6217,9350,4312,11783,22835,1749,304,73,35,21,14,29,122,10
E07000120,Hyndburn,65636,14950,6846,9321,4780,11527,16516,1696,8400,2706,1056,1124,171,1185,1864,294,177,20,21,20,4,27,82,3,521,98,68,78,28,90,150,9,56162,11993,5636,8068,4564,10198,14326,1377,376,133,65,31,13,27,94,13
E07000121,Lancaster,119644,18884,10309,15000,6790,27060,38664,2937,4374,493,209,365,59,1063,2007,178,995,64,32,89,14,289,492,15,1383,107,82,160,34,497,487,16,111886,18047,9927,14323,6641,25057,35219,2672,1006,173,59,63,42,154,459,56
E07000122,Pendle,75224,18640,8007,9741,4852,12520,19087,2377,17405,5929,2056,2067,339,2392,3894,728,190,25,22,29,15,26,65,8,749,141,80,113,38,139,223,15,56247,12288,5772,7494,4435,9921,14768,1569,633,257,77,38,25,42,137,57
E07000123,Preston,118667,23076,11143,15244,6410,21666,37641,3487,22410,4560,2100,2752,416,3380,8363,839,2818,350,194,258,120,507,1309,80,2290,285,181,418,83,581,699,43,89023,17365,8465,11642,5729,16945,26463,2414,2126,516,203,174,62,253,807,111
E07000124,Ribble Valley,51460,6801,4056,6747,3474,8861,20456,1065,964,163,59,90,21,123,486,22,102,9,5,21,7,15,44,1,385,29,15,54,14,80,189,4,49866,6573,3972,6567,3428,8623,19675,1028,143,27,5,15,4,20,62,10
E07000125,Rossendale,57296,10672,5431,8145,3654,10560,17563,1271,2768,762,332,353,51,415,769,86,156,19,15,20,3,28,67,4,523,56,45,86,16,117,199,4,53643,9760,5027,7675,3576,9987,16449,1169,206,75,12,11,8,13,79,8
E07000126,South Ribble,91501,14356,8780,12887,6677,17426,29235,2140,1816,304,160,205,37,207,845,58,435,46,32,38,16,68,224,11,1004,112,90,172,45,222,347,16,87948,13828,8478,12450,6570,16892,27695,2035,298,66,20,22,9,37,124,20
E07000127,West Lancashire,98333,17487,9061,13459,5777,20675,29457,2417,1046,180,60,84,28,208,466,20,336,24,25,35,11,104,132,5,942,120,72,143,34,257,303,13,95640,17069,8880,13173,5686,20063,28406,2363,369,94,24,24,18,43,150,16
E07000128,Wyre,94350,18691,9498,13859,6726,16518,26682,2376,892,186,85,90,28,80,389,34,220,32,12,29,10,30,100,7,632,98,50,112,29,108,219,16,92390,18326,9335,13612,6647,16279,25887,2304,216,49,16,16,12,21,87,15
E08000001,Bolton,232293,52453,24793,32353,14327,38190,63678,6499,41915,12129,4607,5107,767,5400,12165,1740,6990,1473,795,803,235,939,2467,278,3302,487,348,542,154,592,1108,71,176256,37009,18649,25628,13036,30957,46788,4189,3830,1355,394,273,135,302,1150,221
E08000002,Bury,154876,28706,15068,22661,8606,25590,50034,4211,14555,3677,1406,1681,267,1827,5027,670,2660,374,274,310,118,381,1122,81,2669,316,217,458,89,484,1061,44,132314,23747,12930,19959,8060,22612,41722,3284,2678,592,241,253,72,286,1102,132
E08000003,Manchester,437958,86109,34988,45165,15322,79621,164763,11990,84506,18197,7407,8317,1587,12403,32859,3736,45779,8135,4217,5619,1581,7169,17677,1381,17495,2151,1365,2301,522,4279,6556,321,270237,52791,20297,27460,11062,53505,99496,5626,19941,4835,1702,1468,570,2265,8175,926
E08000004,Oldham,187030,46208,20672,26021,11940,30827,46023,5339,40365,12925,4876,5289,865,5665,9136,1609,5082,1033,636,632,241,654,1716,170,3060,574,351,530,154,570,807,74,136357,30811,14555,19398,10580,23766,33868,3379,2166,865,254,172,100,172,496,107
E08000005,Rochdale,174949,40649,18414,24558,10564,29468,46240,5056,29109,8227,3164,3497,559,3982,8504,1176,5083,744,537,633,250,665,2070,184,2602,415,264,469,110,529,762,53,135626,30492,14166,19711,9560,24023,34174,3500,2529,771,283,248,85,269,730,143
E08000006,Salford,216924,42829,20027,27231,11688,36911,72678,5560,11859,1866,851,845,234,1200,6385,478,11513,1695,992,1060,399,1469,5567,331,5116,550,385,631,177,1033,2229,111,182769,37434,17290,24216,10630,32719,56182,4298,5667,1284,509,479,248,490,2315,342
E08000007,Stockport,238931,37081,21832,32340,13924,38563,89743,5448,16162,2454,1132,1494,257,1769,8524,532,2607,270,242,266,80,351,1336,62,4037,339,282,715,134,748,1766,53,212478,33417,19900,29578,13377,35337,76227,4642,3647,601,276,287,76,358,1890,159
E08000008,Tameside,185130,40437,20812,28050,12773,32846,45214,4998,15196,4018,1738,1737,374,2009,4744,576,3677,572,382,395,182,443,1569,134,2576,328,229,459,141,504,867,48,162201,35079,18301,25347,12011,29732,37554,4177,1480,440,162,112,65,158,480,63
E08000009,Trafford,186151,25990,15309,23608,8930,28143,79961,4210,20979,2944,1375,1961,345,2317,11404,633,6229,840,538,693,189,924,2885,160,4451,421,331,764,119,804,1963,49,150343,21231,12782,19868,8199,23664,61366,3233,4149,554,283,322,78,434,2343,135
E08000010,Wigan,268694,56571,28258,41466,18996,47383,69357,6663,4381,964,331,399,118,419,1965,185,2755,346,236,323,99,340,1337,74,2289,320,214,399,94,432,781,49,257567,54362,27305,40227,18628,46058,64717,6270,1702,579,172,118,57,134,557,85
E08000011,Knowsley,124305,32601,13206,17898,6817,21412,29578,2793,1896,271,110,206,37,208,1006,58,942,105,42,77,26,121,558,13,1643,283,147,274,71,312,522,34,119203,31791,12834,17294,6656,20715,27261,2652,621,151,73,47,27,56,231,36
E08000012,Liverpool,403028,90049,34955,46141,17623,80909,124150,9201,21965,4333,1399,1642,486,3394,9783,928,12246,2054,966,1248,503,2007,5123,345,11293,1800,820,1379,435,2771,3851,237,345966,78431,30723,41048,15758,71534,101400,7072,11558,3431,1047,824,441,1203,3993,619
E08000013,St. Helens,150571,32245,15613,22079,9726,26155,40903,3850,2025,423,165,207,51,185,916,78,566,53,35,63,23,63,318,11,1102,138,92,156,48,239,417,12,146124,31427,15247,21595,9573,25587,38983,3712,754,204,74,58,31,81,269,37
E08000014,Sefton,232395,45888,23886,32730,13809,40580,69495,6007,3451,675,284,321,93,363,1562,153,1220,204,109,135,56,180,493,43,2311,291,209,388,83,455,827,58,224008,44277,23157,31784,13531,39443,66141,5675,1405,441,127,102,46,139,472,78
E08000015,Wirral,262115,46894,25283,38575,15666,46887,82451,6359,5609,1124,452,575,136,549,2563,210,1073,109,70,138,45,144,544,23,2698,318,210,497,100,500,1045,28,251300,45015,24437,37249,15324,45550,77710,6015,1435,328,114,116,61,144,589,83
E06000010,"Kingston upon Hull, City of",213881,54012,24163,30140,14691,37418,46511,6946,5664,1274,452,463,153,674,2397,251,3506,561,310,367,138,597,1408,125,2681,536,239,414,123,543,742,84,198564,50324,22820,28651,14129,35323,41052,6265,3466,1317,342,245,148,281,912,221
E06000011,East Riding of Yorkshire,288136,52476,28930,40564,20619,49602,87851,8094,2971,494,206,229,85,260,1595,102,763,72,58,79,32,79,431,12,1798,226,169,284,68,316,711,24,281606,51446,28401,39899,20398,48857,84686,7919,998,238,96,73,36,90,428,37
E06000012,North East Lincolnshire,127521,30906,15532,20512,8313,20885,27536,3837,1846,432,164,151,55,172,798,74,651,87,44,50,28,72,356,14,829,154,76,150,27,151,250,21,123450,30010,15175,20107,8158,20425,25885,3690,745,223,73,54,45,65,247,38
E06000013,North Lincolnshire,139466,30466,16291,21104,9925,23954,33361,4365,4243,1153,487,480,126,454,1394,149,659,121,52,70,18,67,306,25,998,212,97,184,40,157,283,25,132562,28525,15544,20314,9689,23217,31168,4105,1004,455,111,56,52,59,210,61
E06000014,York,172080,22953,12802,19552,9032,37408,66749,3584,6654,657,282,345,209,1190,3731,240,1121,71,56,93,26,312,547,16,2412,113,107,242,50,858,1020,22,160318,21861,12266,18755,8694,34808,60689,3245,1575,251,91,117,53,240,762,61
,North Yorkshire,516176,82990,47622,72377,33901,87830,178949,12507,6683,1380,519,665,304,657,2922,236,1884,158,181,242,97,256,902,48,3677,383,279,621,126,662,1542,64,501663,80606,46433,70596,33208,86042,172737,12041,2269,463,210,253,166,213,846,118
E08000016,Barnsley,199791,50330,21589,28979,13192,33652,46798,5251,1784,453,164,167,51,172,697,80,1218,162,110,160,41,174,532,39,1321,223,130,220,58,223,432,35,194469,49160,21072,28349,12985,32990,44858,5055,999,332,113,83,57,93,279,42
E08000017,Doncaster,250925,61805,28721,37901,16765,41597,56929,7207,6894,1775,778,839,203,774,2214,311,2904,463,313,349,146,393,1135,105,2507,466,247,439,128,467,713,47,235848,57872,27128,36087,16152,39771,52247,6591,2772,1229,255,187,136,192,620,153
E08000018,Rotherham,215569,50529,24545,33613,14398,36879,49804,5801,10049,2812,1068,1402,184,1239,3036,308,2113,238,205,260,86,281,995,48,1922,297,198,346,112,385,556,28,199534,46442,22874,31437,13939,34812,44704,5326,1951,740,200,168,77,162,513,91
E08000019,Sheffield,456252,88425,41454,53591,24865,84712,152194,11011,40544,9200,3304,4013,842,6227,15502,1456,18611,3303,1809,2077,676,2849,7378,519,11056,1451,928,1606,415,2687,3785,184,373805,71054,34208,44964,22548,71579,121153,8299,12236,3417,1205,931,384,1370,4376,553
E08000032,Bradford,421578,101122,46052,57458,22780,66274,115664,12228,122398,36780,14284,16375,2497,17695,30286,4481,8273,1604,793,908,341,1072,3299,256,7435,1256,826,1443,305,1363,2117,125,275651,58887,29246,38114,19334,45401,77629,7040,7821,2595,903,618,303,743,2333,326
E08000033,Calderdale,166634,31965,16313,23351,10524,29096,51419,3966,15202,4340,1557,1993,263,2131,4418,500,1096,146,95,124,43,170,493,25,2161,285,180,387,97,422,755,35,146998,26826,14368,20768,10084,26272,45338,3342,1177,368,113,79,37,101,415,64
E08000034,Kirklees,346273,71831,33776,46114,21654,60186,103532,9180,60247,17329,6381,7842,1136,8724,16506,2329,7934,1415,794,900,375,1210,3032,208,6860,1055,698,1227,270,1491,2007,112,266673,50667,25411,35749,19703,48326,80485,6332,4559,1365,492,396,170,435,1502,199
E08000035,Leeds,658473,119599,60190,79195,34353,120782,228358,15996,59066,11999,5012,6083,1251,8137,24570,2014,32245,5826,3653,3828,1367,4527,11893,1151,15377,1678,1297,2282,439,3861,5541,279,537827,96764,49065,66096,30783,102719,180461,11939,13958,3332,1163,906,513,1538,5893,613
E08000036,Wakefield,287541,70232,31087,42946,18709,46794,69797,7976,9072,2257,1002,980,197,1007,3272,357,3071,568,306,396,100,355,1264,82,2480,376,229,491,95,489,746,54,271022,66421,29350,40938,18233,44783,63906,7391,1896,610,200,141,84,160,609,92
E06000015,Derby,209194,42143,21586,27707,13065,36229,62097,6367,30279,7446,3031,3706,728,4016,10097,1255,8123,1213,730,966,339,1293,3274,308,4931,766,510,875,232,1041,1425,82,160396,30837,16683,21706,11581,29369,45756,4464,5465,1881,632,454,185,510,1545,258
E06000016,Leicester,291014,77692,31152,33954,11025,46859,77900,12432,125271,38133,14189,13728,2676,15714,34037,6794,21336,3158,1993,2625,599,4966,7355,640,7803,1099,769,1296,282,1938,2264,155,125745,32013,13045,15323,7116,22985,31028,4235,10859,3289,1156,982,352,1256,3216,608
E06000017,Rutland,34297,4490,2953,5275,1935,5837,13011,796,490,82,30,67,9,61,222,19,456,68,30,91,39,69,148,11,456,30,60,104,14,88,149,11,32733,4281,2820,4996,1861,5606,12422,747,162,29,13,17,12,13,70,8
E06000018,Nottingham,264326,51554,23096,29844,10836,66236,75676,7084,37161,6810,2949,3623,751,7765,13751,1512,24448,3787,2184,3051,891,5748,8151,636,11184,1328,1052,1649,382,3573,3035,165,183634,37794,16270,20985,8540,48015,47650,4380,7899,1835,641,536,272,1135,3089,391
E06000061,North Northamptonshire,289189,57682,34404,44428,18201,48272,77281,8921,10046,2101,885,1077,203,1088,4316,376,7986,950,671,959,279,1126,3796,205,4272,577,509,822,166,836,1299,63,264554,53310,32110,41379,17433,45000,67182,8140,2331,744,229,191,120,222,688,137
E06000062,West Northamptonshire,343505,59806,37392,49213,19759,58081,109086,10168,17327,3136,1478,1718,327,1980,8104,584,15153,2027,1402,1899,504,2602,6320,399,6585,858,668,1206,268,1357,2093,135,300745,52747,33503,44108,18499,51754,91282,8852,3695,1038,341,282,161,388,1287,198
E07000032,Amber Valley,105064,20668,10975,15011,7031,18726,30265,2388,980,169,77,92,24,88,494,36,316,33,27,36,11,49,146,14,803,90,59,153,41,159,286,15,102720,20331,10796,14714,6944,18409,29213,2313,245,45,16,16,11,21,126,10
E07000033,Bolsover,66275,16016,7698,10066,4516,11771,14404,1804,603,124,48,55,12,79,260,25,326,30,28,33,12,52,165,6,416,52,34,79,31,78,134,8,64735,15749,7569,9880,4435,11546,13795,1761,195,61,19,19,26,16,50,4
E07000034,Chesterfield,86007,17380,9384,13049,5518,15450,23053,2173,1507,325,143,141,29,153,658,58,702,105,59,66,27,96,324,25,844,105,80,148,34,190,274,13,82608,16755,9062,12678,5418,14973,21660,2062,346,90,40,16,10,38,137,15
E07000035,Derbyshire Dales,61058,9582,5303,8120,3173,9588,23939,1353,471,62,33,69,15,67,206,19,148,10,9,21,4,29,71,4,410,33,24,63,16,72,196,6,59875,9444,5223,7950,3131,9404,23407,1316,154,33,14,17,7,16,59,8
E07000036,Erewash,93527,18529,10440,14023,6982,17037,24203,2313,1447,252,136,152,39,178,641,49,740,95,71,93,47,99,325,10,1099,116,105,203,60,229,367,19,89909,18014,10107,13526,6819,16490,22741,2212,332,52,21,49,17,41,129,23
E07000037,High Peak,75667,11310,7063,10412,4581,13751,26922,1628,608,102,46,51,21,63,293,32,201,38,21,22,7,27,79,7,647,58,42,97,17,125,295,13,74024,11073,6940,10230,4526,13524,26162,1569,187,39,14,12,10,12,93,7
E07000038,North East Derbyshire,85273,17066,9101,12364,5827,15328,23506,2081,754,133,73,69,19,81,351,28,263,36,18,33,12,30,125,9,604,74,56,94,21,137,208,14,83490,16779,8945,12154,5766,15066,22761,2019,162,44,9,14,9,14,61,11
E07000039,South Derbyshire,86955,13923,8596,12842,5439,16365,27668,2122,3047,494,261,303,64,368,1443,114,649,38,42,73,22,97,366,11,1000,82,93,187,41,233,350,14,81691,13198,8155,12220,5295,15614,25256,1953,568,111,45,59,17,53,253,30
E07000129,Blaby,83667,14464,8375,11882,5942,15427,25547,2030,6828,1072,596,741,143,821,3272,183,1185,117,87,108,45,150,659,19,1346,135,126,247,52,311,455,20,73312,12930,7476,10707,5674,14027,20737,1761,996,210,90,79,28,118,424,47
E07000130,Charnwood,153101,24122,13858,18971,8984,33746,49882,3538,18663,2865,1554,1857,306,3226,8265,590,2326,118,89,168,47,877,993,34,2687,176,183,367,78,979,876,28,127699,20677,11904,16451,8518,28369,38956,2824,1726,286,128,128,35,295,792,62
E07000131,Harborough,80433,10940,7234,11248,4831,13902,30386,1892,4158,469,232,398,54,527,2404,74,550,41,26,71,24,80,293,15,1038,89,75,190,36,207,424,17,74094,10220,6857,10530,4704,13025,26996,1762,593,121,44,59,13,63,269,24
E07000132,Hinckley and Bosworth,93921,17205,10028,13581,6199,16900,27631,2377,2536,369,209,262,44,296,1277,79,542,47,29,56,20,69,308,13,1034,88,89,192,40,237,371,17,89315,16601,9653,13024,6082,16241,25472,2242,494,100,48,47,13,57,203,26
E07000133,Melton,42940,7034,4294,6302,2893,7905,13349,1163,505,108,53,50,16,65,199,14,164,20,14,13,8,29,75,5,379,45,29,72,11,65,152,5,41760,6829,4190,6156,2849,7730,12879,1127,132,32,8,11,9,16,44,12
E07000134,North West Leicestershire,86165,15812,8570,12133,5567,16173,25818,2092,1288,178,91,135,30,156,657,41,469,36,29,42,10,85,262,5,869,97,65,156,45,201,293,12,83152,15397,8350,11772,5464,15689,24469,2011,387,104,35,28,18,42,137,23
E07000135,Oadby and Wigston,47209,8771,4583,6033,2692,8730,15123,1277,12581,1824,988,1465,225,1915,5840,324,966,84,56,106,28,234,440,18,917,86,100,158,38,253,267,15,31318,6520,3323,4164,2368,6138,7942,863,1427,257,116,140,33,190,634,57
E07000136,Boston,57582,15921,7320,8272,4240,8157,10962,2710,1104,150,63,118,23,77,636,37,361,29,27,29,15,26,221,14,603,152,71,96,27,104,133,20,54856,15269,7094,8002,4131,7928,9831,2601,658,321,65,27,44,22,141,38
E07000137,East Lindsey,121416,30632,13929,18396,8542,20069,26134,3714,916,233,89,72,26,99,356,41,255,35,22,46,9,33,104,6,843,137,81,159,47,167,231,21,119164,30159,13723,18094,8456,19748,25355,3629,238,68,14,25,4,22,88,17
E07000138,Lincoln,87070,15135,8463,11150,4847,22253,22943,2279,2788,451,170,212,52,600,1201,102,1200,90,49,99,27,349,562,24,1395,177,108,165,37,473,410,25,80711,14141,8067,10627,4691,20725,20384,2076,976,276,69,47,40,106,386,52
E07000139,North Kesteven,98017,15888,9741,14572,6342,19663,29278,2533,951,181,82,89,23,91,441,44,337,31,22,39,10,42,184,9,763,73,59,131,25,149,311,15,95664,15528,9563,14283,6280,19334,28216,2460,302,75,15,30,4,47,126,5
E07000140,South Holland,78994,19397,9845,12425,5601,12672,15866,3188,899,160,94,92,21,96,401,35,403,44,33,56,11,46,201,12,682,96,74,143,31,129,190,19,76548,18919,9607,12099,5500,12350,14987,3086,462,178,37,35,38,51,87,36
E07000141,South Kesteven,118004,19963,12431,17947,7709,21229,35552,3173,1951,300,152,184,47,163,1045,60,680,49,51,61,24,82,390,23,1034,93,82,185,39,207,410,18,113864,19408,12108,17476,7583,20718,33515,3056,475,113,38,41,16,59,192,16
E07000142,West Lindsey,79120,14327,8194,11618,5360,14323,23191,2107,898,119,58,89,19,72,513,28,283,27,16,24,11,47,147,11,539,59,51,99,12,116,190,12,77138,14059,8055,11377,5308,14066,22229,2044,262,63,14,29,10,22,112,12
E07000170,Ashfield,102844,24283,12299,16137,6947,18392,22184,2602,1502,281,105,142,35,149,716,74,1133,87,72,124,46,142,642,20,1050,149,107,213,50,228,289,14,98743,23640,11971,15615,6792,17835,20416,2474,416,126,44,43,24,38,121,20
E07000171,Bassetlaw,97369,21013,10653,14392,6514,16961,24848,2988,1150,204,93,126,32,143,503,49,608,88,54,71,16,76,280,23,831,137,84,150,54,160,224,22,94329,20457,10384,14011,6394,16546,23675,2862,451,127,38,34,18,36,166,32
E07000172,Broxtowe,92534,16077,8760,11484,5533,16772,31639,2269,5029,627,297,401,81,766,2677,180,1471,121,96,119,44,306,761,24,1556,129,110,238,52,402,608,17,83367,15050,8183,10652,5318,15174,26976,2014,1111,150,74,74,38,124,617,34
E07000173,Gedling,96459,17002,9336,13329,5966,17660,30727,2439,3519,513,256,333,58,451,1800,108,2134,214,159,242,84,330,1043,62,2108,221,173,373,89,480,736,36,87932,15881,8672,12306,5708,16304,26858,2203,766,173,76,75,27,95,290,30
E07000174,Mansfield,90163,21907,10540,13217,5899,15851,19902,2847,1661,327,147,158,39,164,769,57,884,110,71,104,39,113,416,31,805,122,80,138,35,166,246,18,86180,21143,10166,12769,5758,15348,18294,2702,633,205,76,48,28,60,177,39
E07000175,Newark and Sherwood,101973,19449,10580,14913,6360,18402,29581,2688,1172,220,93,111,35,147,526,40,652,77,58,89,29,89,299,11,1047,119,108,197,31,226,345,21,98673,18929,10288,14477,6246,17889,28254,2590,429,104,33,39,19,51,157,26
E07000176,Rushcliffe,97722,11728,6922,11725,4377,16647,44226,2097,5240,547,259,450,66,633,3150,135,905,92,60,82,18,147,486,20,1645,119,111,253,44,338,750,30,89086,10868,6452,10881,4230,15434,39338,1883,846,102,40,59,19,95,502,29
E06000019,"Herefordshire, County of",157134,28315,14982,22184,9258,26573,51421,4401,1771,268,127,156,46,170,945,59,452,33,33,47,18,59,254,8,1103,137,87,187,33,195,441,23,153029,27644,14672,21739,9124,26084,49506,4260,779,233,63,55,37,65,275,51
E06000020,Telford and Wrekin,148672,29665,16734,23217,8212,27765,38804,4275,7540,1551,823,953,142,953,2849,269,3635,700,412,441,198,436,1304,144,2414,331,264,442,97,560,679,41,133849,26736,15131,21249,7730,25687,33564,3752,1234,347,104,132,45,129,408,69
E06000021,Stoke-on-Trent,205907,53356,22572,30444,14147,34680,44949,5759,17461,4682,1936,2205,353,2295,5260,730,4831,847,518,547,178,701,1873,167,2940,489,295,550,130,602,789,85,177634,46308,19467,26835,13356,30836,36181,4651,3041,1030,356,307,130,246,846,126
E06000051,Shropshire,272249,45573,26157,40900,16563,47418,88502,7136,3547,532,296,367,71,371,1770,140,923,96,84,112,23,154,436,18,2229,237,189,463,75,417,815,33,264382,44385,25472,39826,16329,46379,85108,6883,1168,323,116,132,65,97,373,62
E07000192,Cannock Chase,82476,18133,9826,13078,4990,15520,18748,2181,990,219,114,116,17,105,385,34,373,28,27,45,20,60,188,5,741,96,80,152,34,152,213,14,80122,17720,9580,12747,4912,15168,17877,2118,250,70,25,18,7,35,85,10
E07000193,East Staffordshire,100509,20231,10759,14594,6021,17080,28826,2998,7902,2081,945,986,161,1047,2351,331,1100,184,130,160,51,163,374,38,1348,200,175,254,59,263,370,27,89217,17434,9411,13113,5709,15526,25464,2560,942,332,98,81,41,81,267,42
E07000194,Lichfield,88598,15110,8931,12486,4745,15242,29789,2295,2044,268,124,197,45,239,1101,70,524,39,45,75,13,92,237,23,1045,101,103,180,29,205,409,18,84622,14642,8632,11995,4649,14658,27874,2172,363,60,27,39,9,48,168,12
E07000195,Newcastle-under-Lyme,103181,20689,9990,14051,6883,20202,28936,2430,3710,358,158,322,77,908,1790,97,1063,75,53,74,12,344,482,23,1117,106,84,135,40,359,376,17,96586,20030,9633,13470,6737,18452,26004,2260,705,120,62,50,17,139,284,33
E07000196,South Staffordshire,93374,18009,9515,13509,5927,16425,27449,2540,2585,386,195,290,66,366,1211,71,897,82,64,154,60,176,343,18,1239,161,119,232,56,249,395,27,88241,17303,9109,12801,5733,15580,25306,2409,412,77,28,32,12,54,194,15
E07000197,Stafford,113613,17909,10713,15947,6417,19753,39860,3014,3216,343,223,268,141,363,1769,109,1133,147,88,111,35,151,574,27,1364,145,128,257,53,260,489,32,107210,17148,10225,15263,6164,18908,36684,2818,690,126,49,48,24,71,344,28
E07000198,Staffordshire Moorlands,80864,16224,7843,11440,5734,14492,22944,2187,531,102,43,48,16,55,251,16,168,26,16,18,10,14,78,6,491,59,34,97,13,86,189,13,79532,16011,7741,11258,5689,14320,22369,2144,142,26,9,19,6,17,57,8
E07000199,Tamworth,63789,13900,8283,10716,3495,11726,13955,1714,897,162,82,106,16,110,397,24,419,47,38,63,15,69,183,4,782,112,90,162,26,180,206,6,61439,13497,8050,10366,3431,11336,13093,1666,252,82,23,19,7,31,76,14
E07000218,North Warwickshire,53891,11954,6217,8265,3280,9478,13385,1312,689,112,55,81,20,83,326,12,307,20,31,24,17,56,156,3,575,73,61,95,22,117,198,9,52154,11712,6057,8054,3215,9199,12635,1282,166,37,13,11,6,23,70,6
E07000219,Nuneaton and Bedworth,108588,24569,12913,16263,6743,18441,26578,3081,8523,1890,906,942,179,1078,3155,373,1734,177,117,177,47,234,952,30,1227,165,120,236,45,287,361,13,95862,21979,11630,14785,6433,16707,21736,2592,1242,358,140,123,39,135,374,73
E07000220,Rugby,92188,14451,8976,12919,5873,15155,32174,2640,6644,795,508,619,190,701,3626,205,2219,309,218,281,92,301,954,64,1580,200,170,314,56,284,533,23,80705,12927,7968,11626,5493,13771,26612,2308,1040,220,112,79,42,98,449,40
E07000221,Stratford-on-Avon,112645,16230,9847,15155,5667,18533,44455,2758,2078,257,107,155,34,205,1254,66,412,43,37,51,16,54,204,7,1211,114,76,210,41,233,522,15,108368,15702,9598,14693,5564,17984,42189,2638,576,114,29,46,12,57,286,32
E07000222,Warwick,123257,15547,9025,13233,5159,21834,55685,2774,11788,1479,628,772,167,2115,6272,355,1388,115,73,112,47,436,580,25,2508,171,193,315,52,644,1091,42,105581,13487,8013,11890,4841,18336,46745,2269,1992,295,118,144,52,303,997,83
E07000234,Bromsgrove,81098,12726,7356,11426,4338,13475,29696,2081,2431,272,133,276,31,270,1390,59,630,54,48,75,15,92,338,8,1248,134,96,234,42,237,492,13,76377,12221,7053,10815,4243,12816,27242,1987,412,45,26,26,7,60,234,14
E07000235,Malvern Hills,67121,9777,5781,9381,3691,10779,26021,1691,840,174,49,93,22,100,373,29,203,30,22,28,6,31,83,3,592,69,44,107,26,112,222,12,65263,9470,5650,9137,3635,10509,25223,1639,223,34,16,16,2,27,120,8
E07000236,Redditch,70258,14605,8173,11026,4121,12108,18162,2063,3628,849,425,457,61,419,1270,147,891,171,97,135,30,123,305,30,1239,171,156,261,54,256,325,16,64052,13279,7464,10142,3955,11271,16100,1841,448,135,31,31,21,39,162,29
E07000237,Worcester,85607,14871,7889,11506,4557,15705,28872,2207,4236,923,385,451,92,557,1637,191,936,110,56,77,43,152,469,29,1284,133,113,212,43,286,462,35,78351,13518,7262,10698,4347,14635,26004,1887,800,187,73,68,32,75,300,65
E07000238,Wychavon,110724,19535,11323,15311,6466,18393,36593,3103,1253,205,114,108,26,135,615,50,386,53,31,51,17,41,178,15,896,103,78,151,39,155,353,17,107688,19013,11063,14970,6357,18026,35264,2995,501,161,37,31,27,36,183,26
E07000239,Wyre Forest,84563,18419,9053,12683,5610,14403,22056,2339,1435,325,151,202,36,154,515,52,326,41,17,50,12,55,144,7,847,124,72,156,37,176,266,16,81662,17849,8785,12236,5513,13995,21036,2248,293,80,28,39,12,23,95,16
E08000025,Birmingham,889623,212198,90078,111212,32426,152046,265806,25857,257770,68962,26874,31388,4646,39178,77848,8874,92703,17901,9885,11752,3174,16488,30741,2762,30408,4586,3060,5080,1050,7072,8991,569,472229,110616,46324,59527,22545,84680,136383,12154,36513,10133,3935,3465,1011,4628,11843,1498
E08000026,Coventry,276875,53671,27543,34920,14285,52525,84691,9240,49810,8966,4394,5117,1003,7918,20349,2063,21895,3275,1794,2420,638,5030,8105,633,6505,824,573,988,233,1838,1908,141,189308,38142,19865,25590,12105,36570,51164,5872,9357,2464,917,805,306,1169,3165,531
E08000027,Dudley,262489,60568,28474,39482,15703,45064,65589,7609,19620,4874,2138,2309,467,2795,6309,728,6189,944,611,818,227,994,2431,164,4547,683,490,882,185,956,1277,74,228927,53090,24860,35121,14723,39934,54679,6520,3206,977,375,352,101,385,893,123
E08000028,Sandwell,266023,76840,30586,36174,12756,39465,60314,9888,64946,18809,7267,7810,1508,8721,17607,3224,21598,3729,2086,2862,805,3421,8044,651,7211,1155,809,1346,305,1485,1947,164,162269,49874,19283,23286,9842,24758,30059,5167,9999,3273,1141,870,296,1080,2657,682
E08000029,Solihull,174498,30643,16622,24691,8071,28263,61847,4361,17651,1955,1047,1606,234,2144,10278,387,3154,378,248,414,120,488,1436,70,3756,452,373,707,124,743,1291,66,147532,27557,14793,21747,7543,24606,47529,3757,2405,301,161,217,50,282,1313,81
E08000030,Walsall,223100,58781,25619,31738,11823,35038,52903,7198,38907,10147,4113,4906,745,5294,11985,1717,9211,1229,805,1231,328,1562,3816,240,4430,721,486,890,197,901,1165,70,166253,45470,19791,24304,10425,26823,34474,4966,4299,1214,424,407,128,458,1463,205
E08000031,Wolverhampton,208443,52804,22949,28741,10240,31391,54712,7606,43385,10766,4514,5116,1035,5481,14233,2240,18314,2701,1763,2366,654,2976,7312,542,7158,1113,820,1404,320,1478,1868,155,132659,36007,15121,19199,7999,20771,29313,4249,6927,2217,731,656,232,685,1986,420
E06000031,Peterborough,167571,37471,20666,24190,9284,25728,43956,6276,21872,5579,2553,2603,466,2583,7233,855,6234,954,573,723,240,779,2758,207,3909,699,488,734,165,662,1061,100,131441,28719,16638,19747,8236,21350,31844,4907,4115,1520,414,383,177,354,1060,207
E06000032,Luton,172700,39478,19653,21943,8348,24832,51546,6900,58596,13968,6287,7035,1096,7750,19945,2515,17684,2229,1623,2207,666,2679,7790,490,4731,665,522,918,180,900,1449,97,86020,21138,10613,11225,6196,12880,20471,3497,5669,1478,608,558,210,623,1891,301
E06000033,Southend-on-Sea,146411,28822,17594,23151,7434,25290,39832,4288,7394,1283,590,737,147,843,3514,280,3937,380,285,472,115,643,1966,76,2895,314,276,541,91,627,993,53,130553,26493,16313,21232,7010,22980,32706,3819,1632,352,130,169,71,197,653,60
E06000034,Thurrock,136367,29445,16640,21249,6760,22151,35724,4398,8909,1404,768,911,157,1122,4224,323,14303,929,615,1472,265,1736,9069,217,2490,289,281,456,87,544,776,57,108594,26294,14742,18214,6183,18486,20978,3697,2071,529,234,196,68,263,677,104
E06000055,Bedford,148114,24810,15365,19976,8263,23976,51411,4313,17429,3776,1961,2111,370,2170,6469,572,7529,946,703,912,261,1117,3391,199,4187,444,479,800,180,841,1375,68,116371,18951,11973,15914,7372,19575,39242,3344,2598,693,249,239,80,273,934,130
E06000056,Central Bedfordshire,236756,35598,24649,34891,14069,43107,78653,5789,8248,973,568,665,161,915,4717,249,5285,418,339,577,179,790,2885,97,4326,351,394,794,142,910,1667,68,216944,33517,23189,32690,13533,40271,68451,5293,1953,339,159,165,54,221,933,82
E07000008,Cambridge,124770,11955,5990,8594,3236,22690,69666,2639,18371,1668,650,939,178,3357,11091,488,3054,219,163,288,71,693,1524,96,4667,342,169,428,72,1207,2372,77,94852,9313,4769,6735,2839,16991,52385,1820,3826,413,239,204,76,442,2294,158
E07000009,East Cambridgeshire,71426,11824,6992,9634,4384,11735,25009,1848,1386,183,77,106,28,104,844,44,570,56,31,67,15,60,331,10,963,122,65,157,30,158,418,13,68033,11353,6789,9280,4290,11372,23186,1763,474,110,30,24,21,41,230,18
E07000010,Fenland,84825,21885,10947,13346,5730,13841,16152,2924,1049,226,96,107,38,118,420,44,655,82,50,95,23,89,298,18,855,140,98,169,34,158,244,12,81692,21232,10636,12918,5609,13437,15035,2825,574,205,67,57,26,39,155,25
E07000011,Huntingdonshire,148263,23194,15790,21608,8222,26020,49594,3835,4498,714,298,386,103,473,2354,170,2063,229,149,212,90,231,1104,48,2179,212,168,371,69,421,897,41,138511,21815,15112,20559,7920,24815,44767,3523,1012,224,63,80,40,80,472,53
E07000012,South Cambridgeshire,130363,15410,10096,15212,6049,18452,62374,2770,7100,432,229,432,74,554,5221,158,1554,91,78,143,23,177,1018,24,2250,135,126,339,36,356,1230,28,118043,14640,9600,14217,5894,17237,53957,2498,1416,112,63,81,22,128,948,62
E07000066,Basildon,148667,30827,19441,24490,7967,25316,36541,4085,6011,659,330,474,88,538,3751,171,6275,492,362,659,158,856,3639,109,2431,276,308,499,97,494,712,45,132653,29117,18324,22738,7574,23307,27901,3692,1297,283,117,120,50,121,538,68
E07000067,Braintree,126571,23241,15570,21107,7467,23081,32674,3431,2070,323,179,204,49,252,982,81,1455,105,93,182,41,213,792,29,1588,164,165,284,54,332,548,41,120782,22497,15080,20377,7298,22204,30095,3231,676,152,53,60,25,80,257,49
E07000068,Brentwood,62871,9481,6071,9670,2966,10792,22248,1643,3093,258,137,247,36,275,2057,83,1275,78,53,130,34,150,809,21,1230,103,78,226,37,257,510,19,56564,8953,5768,9005,2849,10025,18462,1502,709,89,35,62,10,85,410,18
E07000069,Castle Point,74412,17754,10153,12633,5036,12659,13744,2433,1258,239,117,133,24,120,588,37,876,81,50,89,13,95,531,17,813,119,94,171,35,173,207,14,71133,17222,9858,12207,4959,12230,12309,2348,332,93,34,33,5,41,109,17
E07000070,Chelmsford,147736,22401,15314,22515,7621,25917,50086,3882,7245,618,333,504,101,708,4769,212,3543,268,182,353,70,506,2083,81,2519,209,209,460,87,524,995,35,133114,21111,14511,21104,7324,24027,41538,3499,1315,195,79,94,39,152,701,55
E07000071,Colchester,156347,24043,16124,23196,8139,30421,50404,4020,7993,863,486,668,143,1288,4278,267,5072,292,244,542,132,1477,2305,80,3042,243,232,520,88,816,1085,58,137972,22243,15002,21272,7715,26472,41756,3512,2268,402,160,194,61,368,980,103
E07000072,Epping Forest,109927,20734,11390,16111,5490,17575,35632,2995,7739,769,429,680,111,889,4688,173,3082,243,215,370,98,472,1640,44,2627,263,230,497,90,521,988,38,94083,19011,10334,14334,5122,15379,27246,2657,2396,448,182,230,69,314,1070,83
E07000073,Harlow,73104,15365,9804,11619,4118,12132,17864,2202,4166,599,323,346,86,391,2272,149,4081,486,319,477,141,540,2035,83,1576,217,195,301,66,304,459,34,61996,13739,8853,10393,3778,10745,12603,1885,1285,324,114,102,47,152,495,51
E07000074,Maldon,55431,10674,6742,8922,3602,9798,14080,1613,622,124,49,80,11,64,273,21,211,26,12,36,5,20,109,3,509,65,52,86,29,104,162,11,53910,10409,6610,8701,3548,9588,13483,1571,179,50,19,19,9,22,53,7
E07000075,Rochford,70708,13555,9084,12359,4440,13097,16093,2080,975,147,75,77,22,104,516,34,483,28,31,42,12,62,303,5,754,72,85,151,34,153,255,4,68257,13273,8871,12072,4361,12744,14908,2028,239,35,22,17,11,34,111,9
E07000076,Tendring,124890,32784,16157,19076,8534,19444,24811,4084,1459,339,134,161,40,158,569,58,748,106,78,89,22,110,333,10,1261,184,166,232,60,269,328,22,120984,32047,15735,18536,8397,18840,23456,3973,438,108,44,58,15,67,125,21
E07000077,Uttlesford,73521,10118,6980,11425,3739,12687,26926,1646,1414,162,96,118,29,173,786,50,559,39,30,75,20,101,284,10,1019,80,71,199,32,187,438,12,70038,9765,6746,10994,3641,12154,25185,1553,491,72,37,39,17,72,233,21
E07000095,Broxbourne,79438,16560,9347,11727,4508,13270,21689,2337,2888,317,192,248,58,350,1646,77,4848,367,335,531,142,752,2642,79,1949,224,180,352,73,414,670,36,66214,14779,8333,10180,4125,11283,15484,2030,3539,873,307,416,110,471,1247,115
E07000096,Dacorum,123778,18166,12498,17595,5928,19844,46745,3002,6942,967,569,706,111,786,3592,211,3345,369,243,443,115,471,1642,62,2742,245,226,519,107,491,1100,54,109302,16326,11366,15800,5556,17960,39669,2625,1447,259,94,127,39,136,742,50
E07000098,Hertsmere,86194,13778,7923,11395,3825,12743,34134,2396,8839,808,452,726,117,927,5616,193,3971,337,276,416,93,467,2303,79,2192,191,177,346,71,409,952,46,67957,12032,6816,9561,3457,10514,23589,1988,3235,410,202,346,87,426,1674,90
E07000099,North Hertfordshire,107741,14651,9986,14358,4833,16645,44742,2526,5641,859,440,531,74,565,3017,155,2610,330,244,323,88,371,1195,59,2518,242,238,463,69,448,1019,39,95774,13019,8966,12950,4574,15149,38881,2235,1198,201,98,91,28,112,630,38
E07000102,Three Rivers,75005,10021,6540,9837,3334,11477,32024,1772,10970,735,444,849,113,1071,7576,182,1766,116,123,184,43,238,1028,34,1730,159,125,285,48,338,750,25,59290,8840,5777,8420,3092,9686,21988,1487,1249,171,71,99,38,144,682,44
E07000103,Watford,80969,12842,7468,9965,3296,11677,33256,2465,18516,2294,1206,1776,261,2156,10313,510,4998,613,427,542,149,678,2483,106,2551,227,228,415,77,463,1097,44,52066,9187,5378,6964,2707,8050,18093,1687,2838,521,229,268,102,330,1270,118
E07000143,Breckland,117856,26228,14196,18382,8067,19911,27210,3862,1099,226,106,128,30,122,439,48,704,136,64,85,36,103,253,27,1192,229,129,203,52,221,323,35,114204,25426,13826,17911,7906,19392,26019,3724,657,211,71,55,43,73,176,28
E07000144,Broadland,110504,19416,12251,17364,8114,20032,30320,3007,1510,268,100,144,45,163,741,49,521,37,31,60,18,69,294,12,989,82,97,179,45,203,371,12,107078,18964,11990,16955,7988,19540,28726,2915,406,65,33,26,18,57,188,19
E07000145,Great Yarmouth,82725,21928,10744,12935,5972,13213,15091,2842,1523,303,100,90,40,107,834,49,813,197,131,75,53,83,234,40,870,169,118,149,51,150,214,19,78922,21028,10308,12578,5799,12827,13681,2701,597,231,87,43,29,46,128,33
E07000146,King's Lynn and West Norfolk,128887,30136,15596,19502,8225,21171,30034,4223,2276,315,121,170,42,203,1344,81,657,94,53,59,19,63,348,21,1176,201,118,184,47,192,399,35,124003,29295,15243,19041,8082,20649,27669,4024,775,231,61,48,35,64,274,62
E07000147,North Norfolk,89139,18330,10334,13576,6300,14425,23389,2785,484,122,42,56,17,48,172,27,173,25,19,28,13,25,57,6,601,71,70,121,25,120,184,10,87682,18063,10187,13353,6239,14210,22898,2732,199,49,16,18,6,22,78,10
E07000148,Norwich,120761,20617,11147,14454,5181,25169,41202,2991,6535,721,277,443,114,1389,3330,261,2832,307,226,251,72,856,1066,54,2895,244,214,334,68,866,1106,63,106626,18940,10298,13305,4866,21741,34956,2520,1873,405,132,121,61,317,744,93
E07000149,South Norfolk,117222,19995,11816,17561,7046,20295,37556,2953,1979,229,96,163,33,166,1244,48,799,60,59,101,23,72,469,15,1126,98,66,205,38,192,512,15,112835,19540,11571,17047,6939,19822,35055,2861,483,68,24,45,13,43,276,14
E07000200,Babergh,77375,13490,8644,12142,4781,13409,22817,2092,722,128,56,68,20,72,343,35,356,36,36,47,10,53,165,9,740,78,77,142,38,152,244,9,75287,13184,8453,11863,4700,13109,21954,2024,270,64,22,22,13,23,111,15
E07000202,Ipswich,111833,24251,13437,16101,7015,18242,29295,3492,5643,1060,469,617,135,607,2581,174,3858,674,463,480,196,555,1361,129,3509,528,459,622,192,698,929,81,96707,21137,11771,14263,6396,16250,23898,2992,2116,852,275,119,96,132,526,116
E07000203,Mid Suffolk,86305,15183,9149,12785,5345,15668,25916,2259,702,109,65,62,31,77,331,27,451,72,44,47,17,68,194,9,823,89,75,145,31,174,290,19,83999,14817,8936,12505,5262,15310,24978,2191,330,96,29,26,4,39,123,13
E07000240,St Albans,116094,11783,7777,13318,4003,15218,61536,2459,9219,1109,591,858,144,963,5316,238,2451,239,168,289,66,313,1330,46,3031,237,159,485,63,479,1563,45,99328,9916,6725,11508,3692,13216,52224,2047,2065,282,134,178,38,247,1103,83
E07000241,Welwyn Hatfield,97481,13975,8998,12533,4348,18575,36378,2674,8693,569,335,626,128,1479,5307,249,5801,370,276,514,106,1415,3023,97,2653,244,174,413,65,716,1001,40,78094,12498,8065,10801,3988,14556,25964,2222,2240,294,148,179,61,409,1083,66
E07000242,East Hertfordshire,121154,16756,11407,17400,5691,20393,46724,2783,3199,342,156,308,48,303,1970,72,1455,84,94,180,26,179,866,26,2181,165,152,367,55,422,986,34,113212,15971,10930,16443,5532,19362,42374,2600,1107,194,75,102,30,127,528,51
E07000243,Stevenage,71235,12113,9214,10908,3834,12205,21097,1864,5189,564,358,429,101,479,3088,170,3222,279,206,347,94,412,1831,53,1677,173,192,302,73,323,585,29,60235,10940,8357,9751,3544,10901,15160,1582,912,157,101,79,22,90,433,30
E07000244,East Suffolk,206717,40104,23295,31041,14259,34993,56968,6057,2782,478,212,299,82,269,1332,110,1094,134,76,162,67,154,474,27,2015,263,199,381,88,404,644,36,200052,39075,22752,30123,13990,34078,54183,5851,774,154,56,76,32,88,335,33
E07000245,West Suffolk,148129,31016,16000,20814,9350,23851,42237,4861,3774,697,266,309,109,277,1930,186,2412,717,171,177,89,231,909,118,2907,702,236,386,151,389,907,136,137163,28148,15205,19841,8939,22850,37880,4300,1873,752,122,101,62,104,611,121
E09000001,City of London,8005,528,223,389,79,713,5938,135,1345,124,31,62,8,133,955,32,209,31,14,17,11,30,104,2,362,17,11,22,6,34,259,13,5647,307,143,260,46,488,4333,70,442,49,24,28,8,28,287,18
E09000002,Barking and Dagenham,161744,36796,16751,20365,6262,21819,53790,5961,39287,6653,3594,4393,740,5374,16952,1581,32625,3717,2289,3921,835,4789,16288,786,4259,662,418,735,189,802,1344,109,79842,24280,9842,10735,4281,10214,17263,3227,5731,1484,608,581,217,640,1943,258
E09000003,Barnet,309360,47763,21305,30688,9630,38541,151642,9791,61361,9687,3945,4795,1122,6109,33670,2033,23589,2715,1646,2587,543,3291,12260,547,11985,1306,789,1606,306,1944,5765,269,182892,28650,12840,19212,6925,23798,85640,5827,29533,5405,2085,2488,734,3399,14307,1115
E09000004,Bexley,195833,35582,21414,28537,10227,32511,61837,5725,18626,2949,1425,1698,351,2071,9585,547,21392,1492,1065,2106,417,2828,13141,343,4329,491,400,758,148,921,1532,79,146727,29630,18090,23517,9162,26093,35680,4555,4759,1020,434,458,149,598,1899,201
E09000005,Brent,275143,59770,24296,26148,9529,34338,109998,11064,91616,21800,9003,8289,1888,9778,36848,4010,46555,8868,4731,6031,1656,7535,16338,1396,11124,1516,958,1382,464,1856,4651,297,100175,20390,7399,8381,4716,12402,42663,4224,25673,7196,2205,2065,805,2767,9498,1137
E09000006,Bromley,265086,36581,23030,35255,10559,39420,113510,6731,21136,1717,922,1480,256,1770,14479,512,18975,1536,1304,2144,491,2686,10425,389,9404,835,675,1537,320,1653,4219,165,209395,31525,19673,29568,9309,32576,81327,5417,6176,968,456,526,183,735,3060,248
E09000007,Camden,177903,20947,8993,12776,3402,25154,101932,4699,31634,4802,2081,2418,433,4984,15881,1035,14883,2303,1302,1826,371,2576,6106,399,9451,727,461,937,183,1880,5058,205,110034,11202,4420,6813,2153,14365,68515,2566,11901,1913,729,782,262,1349,6372,494
E09000008,Croydon,310400,49877,28370,38240,11786,45536,127344,9247,53591,7662,4180,5520,928,6406,27062,1833,67647,8409,6002,8431,2199,10910,30013,1683,16728,1886,1536,2897,575,3128,6369,337,160184,29190,15569,20258,7627,23551,59108,4881,12250,2730,1083,1134,457,1541,4792,513
E09000009,Ealing,295372,52925,23821,27461,10012,37920,130981,12252,89435,19831,8876,8434,1961,10141,35360,4832,30442,5287,3037,3780,991,5169,11313,865,11048,1104,863,1515,349,1959,5001,257,134486,19685,8480,11274,5911,17379,66966,4791,29961,7018,2565,2458,800,3272,12341,1507
E09000010,Enfield,257182,57813,24151,29005,10055,34476,93371,8311,30179,5035,2444,3072,517,3899,14261,951,43911,6665,3970,5685,1491,6890,18025,1185,10535,1453,873,1630,428,1868,4072,211,141422,34330,13869,15550,6684,18133,48032,4824,31135,10330,2995,3068,935,3686,8981,1140
E09000011,Greenwich,229751,38319,18350,23747,7939,30154,104926,6316,30976,5574,2346,2371,609,3163,15826,1087,43932,4481,2978,5122,1294,6480,22631,946,9565,929,801,1353,308,1741,4246,187,135390,25010,11260,14032,5449,17653,58325,3661,9888,2325,965,869,279,1117,3898,435
E09000012,Hackney,209470,35042,12782,17449,4940,24171,109725,5361,21840,4674,1789,2005,337,2894,9489,652,42595,6917,3889,5534,1542,6891,16605,1217,11892,1194,696,1235,323,1726,6441,277,115747,16312,4986,7157,2271,10884,71604,2533,17396,5945,1422,1518,467,1776,5586,682
E09000013,Hammersmith and Fulham,154628,18332,7892,11387,3533,20165,89046,4273,16929,2167,806,943,250,2043,10168,552,17769,2951,1756,2241,600,2997,6725,499,8013,820,545,892,197,1365,4025,169,100938,10323,4084,6505,2239,12536,62674,2577,10979,2071,701,806,247,1224,5454,476
E09000014,Haringey,216008,39921,14734,18397,6781,25260,104270,6645,19436,3808,1555,1559,382,2271,9176,685,37135,6441,3679,4665,1409,5934,13831,1176,12040,1652,879,1373,432,1673,5738,293,126477,20703,6719,9212,3794,13301,69061,3687,20920,7317,1902,1588,764,2081,6464,804
E09000015,Harrow,209623,36454,17151,21857,6656,26424,94317,6764,93801,14010,6841,8687,1409,10692,49748,2414,15137,2067,1256,1777,428,2443,6777,389,5580,657,414,898,175,1001,2336,99,80799,16562,7394,9134,4286,10388,29699,3336,14306,3158,1246,1361,358,1900,5757,526
E09000016,Havering,209724,41947,23453,31228,10777,34122,61921,6276,21052,2515,1429,1926,329,2594,11685,574,15814,1208,910,1791,397,2218,9008,282,4819,501,479,885,170,966,1747,71,163973,36912,20269,26228,9745,27893,37735,5191,4066,811,366,398,136,451,1746,158
E09000017,Hillingdon,241873,43906,23872,28514,10298,35833,90664,8786,77881,12624,6924,7323,1519,9338,36936,3217,17674,2560,1589,2217,504,3180,7210,414,7303,820,604,1170,271,1631,2644,163,124379,24608,13405,16560,7603,19857,38111,4235,14636,3294,1350,1244,401,1827,5763,757
E09000018,Hounslow,228684,42630,21675,23390,8090,28046,95076,9777,83597,14356,8225,7805,1755,8944,38123,4389,15039,2504,1434,1895,437,2351,5901,517,7558,918,656,1144,279,1372,3012,177,105973,20709,9818,11170,5153,13577,41689,3857,16517,4143,1542,1376,466,1802,6351,837
E09000019,Islington,183624,25257,10273,13146,4212,22337,103973,4426,18669,2577,999,1228,219,2368,10727,551,22033,3464,2251,2722,754,3610,8627,605,10746,1038,609,1095,267,1825,5723,189,119534,15248,5400,7172,2702,13037,73384,2591,12642,2930,1014,929,270,1497,5512,490
E09000020,Kensington and Chelsea,123090,13972,5446,8802,2379,15439,73226,3826,15084,1938,668,793,225,2043,8879,538,9308,1449,815,1007,298,1491,4000,248,6572,590,362,710,170,1094,3483,163,79993,7724,2916,5392,1451,9366,50834,2310,12133,2271,685,900,235,1445,6030,567
E09000021,Kingston upon Thames,135470,16129,8747,13319,4324,19764,69584,3603,23984,2663,1279,1839,344,2839,14262,758,3870,343,237,377,96,744,1969,104,4800,368,251,659,97,911,2427,87,95202,11706,6542,9864,3604,14357,46777,2352,7614,1049,438,580,183,913,4149,302
E09000022,Lambeth,268945,35186,16252,21025,6972,31935,151312,6263,20190,2976,1233,1458,320,2277,11350,576,59456,9978,5952,7903,2175,9505,22232,1711,17507,2080,1283,1994,542,2636,8622,350,156567,16601,6268,8399,3345,15705,103379,2870,15225,3551,1516,1271,590,1812,5729,756
E09000023,Lewisham,242413,35447,17737,23426,7261,31541,120814,6187,21857,4028,1621,1783,362,2348,11062,653,62418,8467,5627,7973,2152,10008,26483,1708,14326,1593,1089,1923,474,2434,6549,264,132137,18528,8164,10720,3845,15437,72393,3050,11675,2831,1236,1027,428,1314,4327,512
E09000024,Merton,172776,24609,12368,16511,5753,21787,86413,5335,31444,4579,2356,2894,556,3678,16311,1070,18321,2367,1577,2176,635,2908,8161,497,7176,761,504,955,216,1225,3382,133,107809,15382,7300,9770,4109,12990,54958,3300,8026,1520,631,716,237,986,3601,335
E09000025,Newham,276172,57149,24932,28082,8619,35783,111129,10478,111289,24408,10820,11599,2252,14479,43300,4431,47490,7393,4095,5747,1437,7652,19870,1296,9907,1302,892,1411,329,1671,4047,255,93748,20619,7767,8053,4139,10350,38942,3878,13738,3427,1358,1272,462,1631,4970,618
E09000026,Redbridge,242015,41948,20878,27162,7556,33074,102696,8701,109526,16905,8539,11571,1794,15080,51714,3923,20392,2574,1710,2450,585,3109,9487,477,6837,698,533,1157,224,1274,2834,117,92127,19083,8920,10618,4572,11841,33434,3659,13133,2688,1176,1366,381,1770,5227,525
E09000027,Richmond upon Thames,155836,14165,7779,14029,3743,18830,94089,3201,13911,1514,683,1049,169,1327,8820,349,2963,289,189,299,81,435,1607,63,5672,384,320,726,100,846,3224,72,128152,11369,6326,11623,3249,15706,77369,2510,5138,609,261,332,144,516,3069,207
E09000028,Southwark,256135,35516,15851,20135,6508,31575,140513,6037,26033,3623,1418,1522,329,3316,15116,709,59117,8550,5199,7155,1898,9092,25770,1453,14536,1743,976,1602,481,2262,7177,295,140235,17787,6485,8561,3140,15051,86348,2863,16214,3813,1773,1295,660,1854,6102,717
E09000029,Sutton,165653,25120,15346,21432,7282,25866,65889,4718,27273,2639,1535,2458,399,2949,16543,750,9495,821,633,1047,284,1399,5123,188,5338,511,434,928,157,1082,2131,95,117988,20335,12336,16452,6284,19690,39402,3489,5559,814,408,547,158,746,2690,196
E09000030,Tower Hamlets,252887,40998,17153,21436,5442,33345,127300,7213,101653,22267,9772,11666,1973,14971,37879,3125,17569,2702,1582,1894,495,2969,7478,449,10409,954,530,899,262,1626,5901,237,113159,13164,4593,6305,2457,12704,70951,2985,10097,1911,676,672,255,1075,5091,417
E09000031,Waltham Forest,222185,40535,18874,23109,7699,28770,95910,7288,42163,8853,4120,4580,740,5998,16221,1651,33235,4929,3231,4278,1161,5342,13411,883,10222,1115,804,1409,304,1719,4641,230,123816,22345,9473,11605,5062,14199,57186,3946,12749,3293,1246,1237,432,1512,4451,578
E09000032,Wandsworth,273558,27202,12759,18895,5578,31214,171346,6564,31539,4480,2198,2387,486,3617,17152,1219,26001,4152,2476,3313,888,4277,10141,754,12691,1159,718,1427,323,1849,6976,239,192135,15654,6618,10983,3551,20195,131318,3816,11192,1757,749,785,330,1276,5759,536
E09000033,Westminster,177471,22882,8615,12181,3749,22020,102356,5668,29599,4230,1460,1826,498,3509,17100,976,13652,2224,1169,1494,412,2116,5826,411,9481,832,467,977,210,1543,5256,196,102052,10491,4014,6181,2179,12109,63989,3089,22687,5105,1505,1703,450,2743,10185,996
E06000035,Medway,222763,43159,26898,35430,13624,40009,57001,6642,12943,2238,1174,1364,291,1689,5658,529,11104,703,555,1148,217,1783,6526,172,4141,488,453,806,169,857,1285,83,191490,38945,24438,31804,12821,35284,42472,5726,3085,785,278,308,126,396,1060,132
E06000036,Bracknell Forest,99936,13183,10581,14931,5172,17876,35578,2615,6927,793,518,620,212,769,3761,254,2274,232,159,238,91,310,1187,57,2039,166,190,370,69,411,799,34,87338,11742,9584,13598,4740,16242,29223,2209,1358,250,130,105,60,144,608,61
E06000037,West Berkshire,130737,18483,12984,18955,6786,22050,48375,3104,4557,519,270,337,64,401,2827,139,1597,180,122,199,75,206,762,53,2056,208,161,394,64,371,815,43,121608,17421,12373,17953,6544,20978,43515,2824,919,155,58,72,39,94,456,45
E06000038,Reading,141365,22361,12933,15072,5853,23734,57149,4263,23544,3989,1935,1895,510,2706,11407,1102,9791,1367,993,1189,375,1610,4005,252,4843,553,494,798,168,1082,1655,93,99143,15634,9165,10899,4662,17870,38268,2645,4044,818,346,291,138,466,1814,171
E06000039,Slough,118933,23966,12764,14337,5001,16182,41423,5260,53682,9566,5068,5771,1066,6764,23092,2355,8751,1359,916,1152,273,1296,3524,231,2962,383,355,529,117,608,916,54,46852,11047,5770,6237,3352,6744,11450,2252,6686,1611,655,648,193,770,2441,368
E06000040,Windsor and Maidenhead,123673,15551,10078,15919,5060,18337,55604,3124,15147,1848,1105,1413,252,1718,8378,433,1825,157,115,204,63,230,1020,36,2729,219,173,466,75,470,1281,45,101382,12976,8508,13625,4606,15646,43535,2486,2590,351,177,211,64,273,1390,124
E06000041,Wokingham,140826,14672,11398,17775,5746,22990,65048,3197,16395,1329,776,1204,176,1545,10977,388,3145,236,192,302,63,421,1869,62,2720,197,192,457,71,609,1163,31,116424,12716,10131,15649,5396,20185,49713,2634,2142,194,107,163,40,230,1326,82
E06000042,Milton Keynes,224831,35577,24420,32011,10479,35371,80545,6428,26061,3435,2026,2410,453,2706,14285,746,19522,2453,1664,2361,608,2639,9308,489,6062,606,620,1162,208,1221,2140,105,168894,28275,19747,25699,9070,28305,52894,4904,4292,808,363,379,140,500,1918,184
E06000043,Brighton and Hove,235373,29215,16545,25068,8052,46359,104794,5340,11374,1321,599,881,168,2134,5795,476,4620,420,265,427,125,1191,2073,119,8836,621,462,1071,179,2298,4055,150,203333,25750,14744,22179,7382,39688,89378,4212,7210,1103,475,510,198,1048,3493,383
E06000044,Portsmouth,170820,29768,16431,22404,9092,37296,51193,4636,11296,1902,884,989,237,2198,4679,407,5502,447,311,515,145,1514,2443,127,3346,288,208,468,92,1076,1160,54,147719,26457,14728,20208,8534,32054,41838,3900,2957,674,300,224,84,454,1073,148
E06000045,Southampton,204372,35381,19471,25674,11095,41994,64663,6094,20552,3330,1607,1799,376,3361,9333,746,5789,607,380,556,173,1223,2711,139,5068,471,376,747,171,1508,1710,85,168469,30123,16776,22225,10215,35326,48897,4907,4494,850,332,347,160,576,2012,217
E06000046,Isle of Wight,119588,22065,13354,17501,8928,21445,32783,3512,1414,248,91,132,32,100,750,61,397,56,34,34,20,48,193,12,1038,149,97,166,54,226,320,26,116412,21554,13106,17139,8811,21034,31373,3395,327,58,26,30,11,37,147,18
E06000060,Buckinghamshire,443397,60981,39425,59473,21261,69811,181722,10724,49627,8227,4013,4987,777,5628,24512,1483,11249,1378,1067,1322,423,1586,5218,255,9741,990,856,1710,320,1832,3882,151,365936,49294,32952,50867,19560,59965,144723,8575,6844,1092,537,587,181,800,3387,260
E07000061,Eastbourne,84579,15567,9379,12393,4809,14437,25210,2784,2909,444,199,258,64,334,1480,130,1042,91,92,99,42,183,510,25,1648,192,161,290,58,342,562,43,77678,14489,8807,11650,4587,13420,22202,2523,1302,351,120,96,58,158,456,63
E07000062,Hastings,74700,15038,8386,11256,3813,12768,21357,2082,1981,346,157,190,42,221,923,102,1006,108,93,126,44,154,459,22,1636,183,172,278,58,314,604,27,69022,14119,7866,10576,3636,11979,18970,1876,1055,282,98,86,33,100,401,55
E07000063,Lewes,83217,13371,8496,11840,4497,13793,28978,2242,1539,231,137,157,18,179,753,64,587,56,43,53,26,89,314,6,1422,132,113,242,32,266,608,29,79083,12874,8150,11346,4396,13192,27005,2120,586,78,53,42,25,67,298,23
E07000064,Rother,79489,15006,8802,11689,4730,13035,23746,2481,1151,165,92,115,30,129,571,49,475,42,25,69,17,69,237,16,1024,112,105,178,47,199,361,22,76451,14598,8557,11292,4621,12590,22414,2379,388,89,23,35,15,48,163,15
E07000065,Wealden,133653,19968,13938,20837,7742,24057,43548,3563,1822,252,134,195,40,234,908,59,539,42,45,76,15,66,286,9,1493,130,134,254,41,305,603,26,129194,19450,13588,20263,7632,23377,41447,3437,605,94,37,49,14,75,304,32
E07000084,Basingstoke and Deane,149809,21302,15914,21573,7404,27028,52805,3783,8543,1209,585,583,162,702,4979,323,2627,246,154,236,68,320,1544,59,2488,240,211,418,84,511,970,54,134540,19225,14813,20208,7041,25334,44673,3246,1611,382,151,128,49,161,639,101
E07000085,East Hampshire,103832,13604,9075,15055,4997,18475,40206,2420,1900,262,111,181,36,223,1030,57,564,37,34,69,17,82,314,11,1193,116,61,200,38,223,535,20,99650,13106,8826,14555,4889,17879,38083,2312,525,83,43,50,17,68,244,20
E07000086,Eastleigh,110330,15151,11209,16399,7249,21007,36538,2777,4106,584,334,364,84,419,2186,135,962,47,52,99,23,118,600,23,1452,132,128,254,49,291,582,16,103048,14259,10630,15618,7078,20106,32791,2566,762,129,65,64,15,73,379,37
E07000087,Fareham,95642,13248,9374,13952,6294,18424,31911,2439,1678,236,100,132,32,186,948,44,536,30,37,56,28,94,284,7,960,81,86,176,40,188,382,7,92044,12838,9122,13551,6181,17897,30086,2369,424,63,29,37,13,59,211,12
E07000088,Gosport,67210,11696,8504,10665,4497,13322,16645,1881,937,233,100,95,23,104,340,42,728,66,46,103,44,133,319,17,648,84,64,130,28,135,194,13,64536,11216,8262,10307,4377,12898,15687,1789,361,97,32,30,25,52,105,20
E07000089,Hart,80317,8742,7062,11306,3801,14320,33217,1869,2891,373,212,186,106,312,1613,89,676,38,39,79,22,105,381,12,1144,70,76,193,39,227,526,13,74963,8155,6692,10797,3599,13597,30391,1732,643,106,43,51,35,79,306,23
E07000090,Havant,102868,20492,11643,15720,6595,18281,27262,2875,1650,264,114,145,43,170,852,62,590,62,49,82,18,80,285,14,947,119,94,175,39,216,290,14,99263,19960,11351,15281,6489,17776,25644,2762,418,87,35,37,6,39,191,23
E07000091,New Forest,148745,23952,15276,22000,10397,26369,46381,4370,1731,310,132,181,49,215,763,81,520,51,57,63,15,95,222,17,1300,136,104,210,61,270,490,29,144671,23340,14945,21498,10247,25731,44691,4219,523,115,38,48,25,58,215,24
E07000092,Rushmoor,80865,14802,9582,11523,4511,13850,24117,2480,12087,3579,1475,989,517,1144,3754,629,1843,195,155,207,117,278,841,50,1375,122,121,220,61,308,515,28,63144,9945,7558,9947,3697,11898,18460,1639,2416,961,273,160,119,222,547,134
E07000093,Test Valley,106757,15050,10487,15330,5805,19252,38099,2734,3318,457,283,267,80,339,1766,126,1006,83,77,100,26,146,546,28,1178,113,87,216,36,244,464,18,100487,14267,9980,14691,5641,18450,34934,2524,768,130,60,56,22,73,389,38
E07000094,Winchester,104748,11627,7320,12998,4209,19437,47030,2127,3197,412,183,307,82,374,1718,121,647,49,38,67,26,113,339,15,1369,84,66,235,36,314,614,20,98848,10992,6972,12338,4045,18548,44006,1947,687,90,61,51,20,88,353,24
E07000105,Ashford,106774,18833,12101,16414,5951,18231,32147,3097,6182,1315,700,556,183,631,2490,307,2421,161,168,245,70,312,1429,36,1459,143,136,275,56,332,493,24,95181,16678,10937,15238,5576,16815,27285,2652,1531,536,160,100,66,141,450,78
E07000106,Canterbury,132777,21555,11845,16599,6458,28827,43895,3598,5342,527,247,381,76,1551,2411,149,3415,140,90,274,31,1763,1080,37,2810,166,146,350,61,1040,999,48,119228,20445,11231,15453,6256,24027,38560,3256,1982,277,131,141,34,446,845,108
E07000107,Dartford,90698,14717,10006,13846,5057,15189,29361,2522,8293,888,550,730,141,885,4848,251,8180,407,305,733,145,832,5674,84,1771,175,154,302,77,381,659,23,70635,12933,8824,11888,4625,12895,17373,2097,1819,314,173,193,69,196,807,67
E07000108,Dover,96132,18708,10741,14904,5682,17219,25951,2927,1824,332,209,222,80,230,660,91,586,50,31,85,21,81,305,13,1035,117,118,179,41,189,366,25,91911,17956,10291,14356,5515,16639,24400,2754,776,253,92,62,25,80,220,44
E07000109,Gravesham,84561,17184,10088,12849,4954,13962,22575,2949,9365,2079,949,1032,196,1286,3413,410,4772,315,249,473,100,630,2931,74,1395,184,136,274,53,285,440,23,66563,13894,8495,10810,4522,11484,15059,2299,2466,712,259,260,83,277,732,143
E07000110,Maidstone,142136,24786,15510,21708,8547,24906,42531,4148,6442,1188,551,596,266,826,2781,234,2602,183,148,269,75,330,1552,45,2109,216,195,391,61,419,799,28,129304,22801,14424,20330,8055,23148,36793,3753,1679,398,192,122,90,183,606,88
E07000111,Sevenoaks,96608,15088,9282,14060,4640,15103,36075,2360,2739,272,137,252,46,208,1744,80,1457,67,67,149,30,208,903,33,1508,127,100,294,36,247,686,18,90164,14507,8928,13302,4510,14350,32368,2199,740,115,50,63,18,90,374,30
E07000112,Folkestone and Hythe,91554,17754,10642,13600,5792,15792,25067,2907,3559,782,432,338,415,413,1026,153,588,57,46,76,9,88,303,9,1206,146,106,206,40,235,448,25,85296,16513,9972,12904,5265,14939,23025,2678,905,256,86,76,63,117,265,42
E07000113,Swale,121994,26823,15031,18975,7663,21025,28911,3566,1876,394,173,206,49,197,765,92,2479,126,129,272,60,293,1567,32,1514,227,141,280,66,279,477,44,115504,25887,14529,18157,7469,20192,25908,3362,621,189,59,60,19,64,194,36
E07000114,Thanet,115416,24990,13332,16645,7147,19293,30377,3632,2548,464,168,270,71,284,1193,98,1198,153,115,131,42,148,591,18,1958,270,205,292,79,372,701,39,108437,23646,12723,15856,6909,18367,27502,3434,1275,457,121,96,46,122,390,43
E07000115,Tonbridge and Malling,105526,16324,11163,16681,5851,18457,34332,2718,2960,359,191,293,43,286,1708,80,981,58,41,80,21,123,638,20,1515,131,110,309,43,301,598,23,99447,15670,10776,15956,5717,17678,31089,2561,623,106,45,43,27,69,299,34
E07000116,Tunbridge Wells,92405,12454,7999,13397,3874,14385,38010,2286,3383,396,207,305,62,317,1988,108,861,80,61,82,32,92,497,17,1486,109,87,242,22,222,778,26,85786,11710,7574,12673,3733,13674,34325,2097,889,159,70,95,25,80,422,38
E07000177,Cherwell,130593,20955,13727,18171,7306,20982,45839,3613,7394,1336,663,750,223,703,3487,232,2192,240,193,277,75,308,1053,46,2473,303,241,401,98,437,940,53,116927,18713,12528,16610,6846,19400,39627,3203,1607,363,102,133,64,134,732,79
E07000178,Oxford,136714,17204,8339,10389,3796,28127,65698,3161,20173,3172,1348,1513,364,3049,10047,680,5893,701,497,578,232,1125,2637,123,5741,576,337,596,151,1533,2385,163,100048,11790,5822,7444,2878,21850,48239,2025,4859,965,335,258,171,570,2390,170
E07000179,South Oxfordshire,121494,15110,10349,15412,5837,19106,52950,2730,3414,354,184,263,58,297,2150,108,1125,95,81,118,41,152,617,21,1732,151,112,273,59,279,833,25,114275,14353,9913,14702,5652,18301,48816,2538,948,157,59,56,27,77,534,38
E07000180,Vale of White Horse,112428,14092,9587,13749,5595,17368,49504,2533,4192,413,237,316,130,339,2624,133,1667,117,103,195,69,244,899,40,1786,160,104,271,61,283,870,37,103571,13220,9067,12878,5282,16368,44480,2276,1212,182,76,89,53,134,631,47
E07000181,West Oxfordshire,93808,13059,8897,12615,5076,16105,35913,2143,1588,215,128,126,47,154,849,69,589,67,34,67,15,67,329,10,1120,94,79,182,40,234,475,16,89976,12595,8609,12185,4955,15585,34012,2035,535,88,47,55,19,65,248,13
E07000207,Elmbridge,108772,11753,7049,12442,3513,14812,56677,2526,7195,756,316,516,96,644,4671,196,1372,94,69,131,29,168,844,37,2841,214,147,423,59,441,1492,65,95102,10377,6396,11237,3272,13306,48363,2151,2262,312,121,135,57,253,1307,77
E07000208,Epsom and Ewell,64607,8245,5106,8177,2629,10109,28641,1700,7245,599,377,547,89,737,4720,176,1323,125,61,131,38,200,730,38,1785,192,98,278,47,321,809,40,52413,7102,4474,7070,2417,8668,21314,1368,1841,227,96,151,38,183,1068,78
E07000209,Guildford,119358,13544,8644,13528,4685,23554,52620,2783,8174,599,303,471,116,1598,4838,249,1787,84,100,150,32,520,870,31,2674,161,134,314,79,793,1144,49,104492,12437,8008,12470,4408,20285,44520,2364,2231,263,99,123,50,358,1248,90
E07000210,Mole Valley,72333,8901,6236,9857,3206,11179,31214,1740,2148,257,128,216,51,205,1231,60,578,56,35,66,13,79,309,20,1212,101,82,208,30,218,546,27,67746,8387,5955,9317,3094,10607,28771,1615,649,100,36,50,18,70,357,18
E07000211,Reigate and Banstead,120131,15765,10997,17046,5244,19635,48338,3106,8695,802,461,701,131,788,5554,258,3319,234,222,386,76,392,1968,41,2877,270,232,503,78,495,1238,61,103471,14193,9947,15296,4911,17754,38698,2672,1769,266,135,160,48,206,880,74
E07000212,Runnymede,72722,10529,6543,9132,3401,15510,25643,1964,6649,489,288,453,102,1413,3723,181,1306,72,55,107,36,310,693,33,1894,105,118,250,46,668,654,53,61447,9675,6021,8239,3175,12831,19878,1628,1426,188,61,83,42,288,695,69
E07000213,Spelthorne,83363,14012,9231,12028,4366,13228,27996,2502,10126,1095,675,857,183,1066,5909,341,1904,177,150,222,45,261,1013,36,1984,201,201,354,67,377,739,45,67401,12209,8033,10427,4008,11303,19443,1978,1948,330,172,168,63,221,892,102
E07000214,Surrey Heath,73789,9644,7076,10557,3327,12378,28931,1876,6320,830,441,568,117,672,3477,215,1098,72,60,122,26,144,656,18,1324,90,114,233,46,234,581,26,63759,8413,6368,9520,3111,11207,23577,1563,1288,239,93,114,27,121,640,54
E07000215,Tandridge,70828,9788,6662,10727,3099,12268,26517,1767,2569,311,148,282,44,274,1439,71,1484,118,102,178,34,219,802,31,1756,139,138,321,44,347,742,25,64382,9127,6226,9883,2962,11341,23225,1618,637,93,48,63,15,87,309,22
E07000216,Waverley,103640,11859,7534,13645,4079,15825,48292,2406,2942,347,200,345,49,338,1591,72,695,36,31,111,30,136,337,14,1559,98,78,284,23,305,732,39,97786,11278,7196,12849,3951,14981,45278,2253,658,100,29,56,26,65,354,28
E07000217,Woking,82984,10995,7003,10324,3211,12136,37112,2203,10888,1714,878,1085,166,1230,5449,366,1419,114,94,156,37,170,820,28,1808,153,145,251,67,292,866,34,67120,8674,5755,8707,2903,10285,29086,1710,1749,340,131,125,38,159,891,65
E07000223,Adur,52958,10333,6066,7950,3328,9056,14784,1441,1099,222,101,113,26,146,443,48,440,45,47,58,19,62,201,8,899,95,79,163,38,183,326,15,49957,9867,5783,7573,3226,8604,13564,1340,563,104,56,43,19,61,250,30
E07000224,Arun,139554,27536,16142,21323,9101,23984,36839,4629,2116,408,154,238,45,264,927,80,744,77,79,106,32,102,328,20,1399,164,136,243,60,312,441,43,134522,26691,15708,20675,8921,23203,34883,4441,773,196,65,61,43,103,260,45
E07000225,Chichester,104710,15537,9262,14362,5336,18585,38992,2636,1743,233,104,147,36,195,955,73,647,45,54,69,50,149,268,12,1223,106,87,158,53,280,521,18,100541,15042,8974,13940,5177,17894,37005,2509,556,111,43,48,20,67,243,24
E07000226,Crawley,93574,16686,12424,15255,4895,15358,25775,3181,13724,2216,1533,1590,249,1744,5867,525,3847,723,412,460,161,472,1499,120,2508,356,335,477,103,446,719,72,71050,12734,9828,12469,4288,12448,16941,2342,2445,657,316,259,94,248,749,122
E07000227,Horsham,120666,15074,11414,18800,5837,21878,44616,3047,3048,331,223,270,52,323,1749,100,907,80,55,139,18,134,465,16,1686,113,105,323,56,348,715,26,114261,14435,10968,18001,5691,20975,41312,2879,764,115,63,67,20,98,375,26
E07000228,Mid Sussex,123320,14457,11501,18511,5770,22253,47693,3135,4265,435,216,363,64,438,2597,152,1105,71,70,142,29,168,612,13,2041,165,134,348,46,412,898,38,114931,13642,11022,17579,5596,21115,43087,2890,978,144,59,79,35,120,499,42
E07000229,Worthing,92355,14977,9868,14057,5009,16417,29316,2711,3484,592,263,328,63,383,1725,130,1040,105,88,117,28,151,531,20,1537,136,111,264,57,307,628,34,85362,13927,9330,13262,4832,15475,26062,2474,932,217,76,86,29,101,370,53
E06000022,Bath and North East Somerset,161624,19806,11972,19150,7607,35318,64251,3520,5626,413,197,311,60,1524,2931,190,1562,178,114,155,55,401,602,57,3274,191,181,398,80,1027,1353,44,149833,18872,11428,18213,7378,32089,58687,3166,1329,152,52,73,34,277,678,63
E06000023,"Bristol, City of",389712,56658,29350,41789,15283,73981,164106,8545,25042,3698,1813,2203,461,4586,11314,967,19579,4045,2178,2568,763,3249,6146,630,13007,1148,895,1670,366,3315,5408,205,325107,46376,23924,34863,13489,61866,138150,6439,6977,1391,540,485,204,965,3088,304
E06000024,North Somerset,178563,26615,17214,26482,10666,32377,60489,4720,2680,452,201,238,49,313,1337,90,931,85,62,98,32,132,497,25,1881,198,155,313,78,368,735,34,172097,25637,16732,25738,10474,31449,57533,4534,974,243,64,95,33,115,387,37
E06000025,South Gloucestershire,237363,33793,23997,33959,15140,46440,78233,5801,8567,840,542,668,157,999,5099,262,3502,297,239,372,118,580,1825,71,3868,340,338,609,150,944,1405,82,219381,31953,22726,32133,14646,43684,68961,5278,2045,363,152,177,69,233,943,108
E06000026,Plymouth,218621,37894,21388,30724,15834,47362,60157,5262,4863,832,306,375,128,1017,2051,154,2190,241,169,231,74,468,942,65,2820,281,189,386,111,799,1019,35,206822,36098,20528,29595,15431,44812,55462,4896,1926,442,196,137,90,266,683,112
E06000027,Torbay,117029,23133,13696,18099,8687,20226,29628,3560,1893,334,142,194,49,227,835,112,397,65,27,42,13,57,182,11,1202,162,119,231,56,230,373,31,113021,22460,13364,17574,8555,19647,28038,3383,516,112,44,58,14,65,200,23
E06000030,Swindon,187151,32430,24336,30269,10948,30591,52220,6357,20589,3456,3038,2197,598,1726,7884,1690,4429,522,424,558,150,581,2076,118,3563,509,401,695,209,606,1045,98,155798,27104,20129,26562,9887,27450,40369,4297,2772,839,344,257,104,228,846,154
E06000052,Cornwall,477421,77918,47676,72370,31455,89953,145886,12163,3410,572,239,288,64,485,1600,162,960,78,60,105,32,197,472,16,4240,432,353,654,157,946,1617,81,464101,76188,46591,70644,30962,87428,140533,11755,4710,648,433,679,240,897,1664,149
E06000053,Isles of Scilly,1732,213,119,272,88,341,656,43,6,0,0,3,0,0,3,0,4,0,0,0,1,0,3,0,13,0,1,2,0,3,7,0,1695,208,117,265,87,334,641,43,14,5,1,2,0,4,2,0
E06000054,Wiltshire,419114,60409,42756,62668,23326,76544,143201,10210,8491,1362,750,780,533,984,3714,368,4144,433,349,567,277,714,1701,103,4828,485,447,865,214,934,1793,90,398862,57517,40852,60172,22132,73542,135104,9543,2789,612,358,284,170,370,889,106
E06000058,"Bournemouth, Christchurch and Poole",334908,53318,33102,47335,20185,63771,107437,9760,10794,1428,683,897,206,1381,5839,360,3534,270,215,339,125,700,1808,77,6723,625,574,915,238,1602,2633,136,309202,50106,31296,44773,19386,59532,95146,8963,4655,889,334,411,230,556,2011,224
E06000059,Dorset,321901,50834,33549,48267,21941,56885,101298,9127,3546,497,290,331,181,421,1672,154,903,96,102,144,44,125,365,27,2558,270,232,437,90,493,988,48,313786,49774,32826,47273,21559,55708,97806,8840,1108,197,99,82,67,138,467,58
E07000040,East Devon,127386,19203,12654,19007,8199,21722,43115,3486,1190,164,106,121,42,152,541,64,299,26,28,38,10,40,148,9,946,96,71,176,43,180,372,8,124590,18842,12427,18641,8092,21294,41906,3388,361,75,22,31,12,56,148,17
E07000041,Exeter,111332,15080,9098,12731,5314,27914,38613,2582,5382,489,209,315,94,1065,2970,240,991,68,44,66,21,265,500,27,2261,135,133,229,51,821,847,45,101188,14207,8626,12044,5101,25483,33536,2191,1510,181,86,77,47,280,760,79
E07000042,Mid Devon,68206,11614,6970,10548,4121,12263,20928,1762,460,95,31,58,11,44,200,21,93,15,8,13,5,8,40,4,506,52,37,84,18,98,212,5,66968,11420,6880,10379,4073,12091,20402,1723,179,32,14,14,14,22,74,9
E07000043,North Devon,82194,14596,9099,12744,5556,14604,23458,2137,913,127,54,91,44,94,471,32,255,15,20,26,23,34,134,3,661,80,76,115,36,118,228,8,80094,14320,8928,12484,5446,14324,22515,2077,271,54,21,28,7,34,110,17
E07000044,South Hams,74974,9727,6326,10125,4397,12683,29878,1838,507,80,38,50,11,38,278,12,138,15,11,15,4,21,67,5,672,58,45,105,20,117,316,11,73320,9526,6217,9938,4351,12473,29065,1750,337,48,15,17,11,34,152,60
E07000045,Teignbridge,113462,17760,11481,16815,7420,19731,37172,3083,851,161,83,97,23,89,365,33,198,23,12,25,6,36,88,8,916,99,68,137,33,172,381,26,111225,17433,11292,16523,7345,19399,36232,3001,272,44,26,33,13,35,106,15
E07000046,Torridge,57558,10824,6635,9072,4206,10138,15060,1623,293,64,28,37,10,26,116,12,68,8,3,22,4,9,20,2,404,45,47,79,13,72,146,2,56684,10684,6546,8924,4177,10016,14732,1605,109,23,11,10,2,15,46,2
E07000047,West Devon,48366,7530,4858,7080,3052,8122,16468,1256,291,65,19,29,10,33,120,15,103,9,4,6,3,14,62,5,382,37,25,52,14,84,158,12,47458,7394,4796,6975,3019,7977,16077,1220,132,25,14,18,6,14,51,4
E07000078,Cheltenham,98437,13183,7849,12338,4338,15888,42439,2402,3880,555,263,371,65,415,2078,133,918,87,66,113,33,149,448,22,1635,131,92,241,48,328,772,23,91062,12203,7355,11543,4159,14909,38723,2170,942,207,73,70,33,87,418,54
E07000079,Cotswold,76314,10437,6767,10641,3669,12575,30371,1854,998,130,66,78,43,78,560,43,304,24,21,37,10,44,159,9,744,63,44,115,15,134,362,11,73994,10178,6614,10391,3578,12290,29169,1774,274,42,22,20,23,29,121,17
E07000080,Forest of Dean,73042,13425,7649,11425,4722,12859,21020,1942,545,136,56,50,20,66,197,20,187,22,13,25,12,27,77,11,526,69,46,100,25,82,197,7,71511,13126,7509,11215,4651,12650,20470,1890,273,72,25,35,14,34,79,14
E07000081,Gloucester,106938,19473,12336,16332,6535,19965,29295,3002,6360,1072,589,744,129,800,2749,277,3747,704,427,512,186,581,1223,114,2587,355,330,525,114,541,664,58,93092,17009,10853,14455,6045,17920,24321,2489,1152,333,137,96,61,123,338,64
E07000082,Stroud,100196,13518,9027,13878,5638,17119,38746,2270,1007,130,47,80,22,82,609,37,436,53,44,44,14,70,203,8,1092,85,87,188,25,203,488,16,97287,13178,8820,13543,5568,16721,37259,2198,374,72,29,23,9,43,187,11
E07000083,Tewkesbury,77356,10719,7566,11502,4432,13455,27744,1938,1503,184,137,133,87,159,743,60,446,56,43,46,5,60,222,14,881,94,73,156,34,183,333,8,74175,10316,7292,11121,4293,13007,26306,1840,351,69,21,46,13,46,140,16
,Somerset,474942,81075,48500,72670,30821,83787,144904,13185,6755,1082,451,716,155,626,3426,299,1913,205,129,229,71,229,993,57,4152,485,320,779,152,777,1547,92,460164,78778,47433,70799,30355,81950,138199,12650,1958,525,167,147,88,205,739,87
,Isle of Anglesey,57137,10268,4828,8453,3751,9928,18443,1466,345,76,26,46,19,37,119,22,90,12,6,6,4,17,44,1,372,67,27,55,11,76,132,4,56211,10085,4766,8336,3715,9789,18098,1422,119,28,3,10,2,9,50,17
,Gwynedd,97966,15936,7420,14302,5715,18369,33807,2417,1652,275,70,108,43,232,837,87,427,20,12,43,6,84,256,6,890,105,46,118,32,243,321,25,94554,15473,7279,14007,5614,17744,32156,2281,443,63,13,26,20,66,237,18
,Conwy,96365,17999,8317,13891,6111,15947,31232,2868,1302,274,60,103,40,130,609,86,229,27,10,18,10,32,118,14,702,101,51,104,22,117,287,20,93824,17528,8187,13646,6033,15638,30065,2727,308,69,9,20,6,30,153,21
,Denbighshire,78906,15668,7175,11992,4964,12903,24011,2193,1289,195,64,175,45,168,602,40,224,25,5,24,5,22,135,8,612,106,54,102,24,113,196,17,76502,15259,7034,11663,4879,12570,22987,2110,279,83,18,28,11,30,91,18
,Flintshire,127577,23373,12646,19486,8431,22748,37208,3685,1154,250,80,109,31,115,507,62,221,29,15,29,10,23,107,8,821,127,63,117,31,164,298,21,124962,22817,12456,19202,8339,22417,36165,3566,419,150,32,29,20,29,131,28
,Wrexham,110273,23095,10473,16995,6815,17689,32036,3170,1766,283,100,159,45,182,923,74,656,104,43,76,29,59,317,28,884,161,73,163,25,144,287,31,106408,22389,10214,16556,6684,17257,30313,2995,559,158,43,41,32,47,196,42
,Ceredigion,61392,9037,4514,8411,3298,13034,21653,1445,910,109,39,60,16,166,486,34,283,12,13,27,6,53,164,8,592,57,21,65,18,211,211,9,59321,8781,4424,8243,3253,12560,20672,1388,286,78,17,16,5,44,120,6
,Pembrokeshire,102546,19280,9333,15533,6373,17463,31990,2574,934,182,47,83,26,92,460,44,192,19,13,19,8,38,88,7,695,115,49,110,35,132,233,21,100413,18866,9204,15297,6292,17162,31108,2484,312,98,20,24,12,39,101,18
,Carmarthenshire,155484,31164,13268,23691,9652,25018,48645,4046,1875,331,98,164,48,187,939,108,366,36,19,34,20,43,202,12,998,155,77,172,41,166,361,26,151726,30504,13034,23285,9512,24576,46942,3873,519,138,40,36,31,46,201,27
,Swansea,197860,37305,15552,27361,11525,36054,64835,5228,8139,1576,439,758,150,1320,3574,322,2129,240,122,161,71,424,1051,60,2207,263,102,288,72,613,830,39,182911,34636,14758,26014,11154,33416,58251,4682,2474,590,131,140,78,281,1129,125
,Neath Port Talbot,117179,27722,10667,17359,7557,20432,30279,3163,1781,396,96,189,30,378,582,110,461,57,28,51,14,139,154,18,953,137,70,151,46,247,277,25,113652,27032,10458,16935,7454,19615,29170,2988,332,100,15,33,13,53,96,22
,Bridgend,119486,25990,10624,17717,6573,19478,35856,3248,1715,314,85,175,42,159,840,100,351,34,24,41,15,48,167,22,1003,174,76,173,33,205,328,14,116082,25397,10416,17294,6477,19019,34388,3091,335,71,23,34,6,47,133,21
,Vale of Glamorgan,107463,16739,8903,15460,5673,17835,40062,2791,2151,366,89,213,38,231,1133,81,539,71,42,63,29,81,235,18,1725,234,131,290,67,355,617,31,102470,15969,8614,14848,5523,17096,37794,2626,578,99,27,46,16,72,283,35
,Cardiff,296314,48399,20459,32900,11522,56856,118529,7649,26826,5110,1508,2369,480,4328,11838,1193,9877,1917,750,1058,392,1652,3715,393,8893,1279,680,1213,315,2112,3093,201,242049,38217,17070,27645,10080,47648,96032,5357,8669,1876,451,615,255,1116,3851,505
,Rhondda Cynon Taf,193838,46915,18281,29119,9966,32640,51749,5168,2804,540,151,291,67,381,1243,131,795,60,28,78,28,98,482,21,1438,258,129,207,67,291,461,25,188175,45914,17940,28481,9792,31800,49283,4965,626,143,33,62,12,70,280,26
,Caerphilly,143483,34625,14433,22243,7890,24146,36306,3840,1269,298,96,123,38,135,504,75,244,23,20,38,11,36,105,11,956,185,78,172,23,159,312,27,140713,34039,14221,21882,7808,23781,35275,3707,301,80,18,28,10,35,110,20
,Blaenau Gwent,55145,15378,5980,8554,3151,8645,11892,1545,473,129,31,45,15,47,179,27,94,9,12,8,3,14,47,1,341,92,33,57,13,50,91,5,54126,15109,5898,8431,3114,8523,11549,1502,111,39,6,13,6,11,26,10
,Torfaen,75111,16631,7697,11457,4313,12736,20125,2152,1008,231,75,94,37,118,386,67,184,18,22,16,4,25,92,7,547,78,46,93,24,112,186,8,73178,16259,7533,11229,4244,12453,19396,2064,194,45,21,25,4,28,65,6
,Monmouthshire,78237,12316,6461,10588,3958,12172,30809,1933,966,144,42,101,24,91,530,34,186,19,15,23,6,23,95,5,620,69,36,95,20,116,273,11,76222,12040,6365,10351,3899,11918,29784,1865,243,44,3,18,9,24,127,18
,Newport,127419,27688,11741,18186,6498,19976,39544,3786,8737,2223,638,915,176,1097,3289,399,2672,461,201,305,106,333,1164,102,2305,407,245,415,71,369,746,52,111819,23915,10458,16409,6088,18002,33808,3139,1886,682,199,142,57,175,537,94
,Powys,112536,21316,9694,16747,6869,19124,35849,2937,1045,238,102,113,75,126,323,68,199,23,12,20,8,41,91,4,685,80,68,124,24,123,258,8,110291,20865,9491,16472,6741,18802,35073,2847,316,110,21,18,21,32,104,10
,Merthyr Tydfil,47679,12832,4556,6911,2716,7454,11911,1299,685,132,32,55,25,71,345,25,79,16,1,6,7,7,41,1,284,90,22,44,8,32,83,5,46461,12535,4494,6785,2666,7332,11397,1252,170,59,7,21,10,12,45,16
