geography_code,geography_name,age,gender,Claimant count,Population estimate,Claimants percentage
E14000530,Aldershot,Aged 16+,Total,1980.0,84204.0,2.3514322359982898
E14000530,Aldershot,Aged 16-24,Total,280.0,9622.0,2.909997921430056
E14000531,Aldridge-Brownhills,Aged 16+,Total,1255.0,63864.0,1.9651133659025428
E14000531,Aldridge-Brownhills,Aged 16-24,Total,280.0,6827.0,4.101362238171964
E14000532,Altrincham and Sale West,Aged 16+,Total,1220.0,80428.0,1.5168846670313823
E14000532,Altrincham and Sale West,Aged 16-24,Total,190.0,8515.0,2.2313564298297126
E14000533,Amber Valley,Aged 16+,Total,1650.0,76762.0,2.1495010552096088
E14000533,Amber Valley,Aged 16-24,Total,295.0,8181.0,3.6059161471702725
E14000534,Arundel and South Downs,Aged 16+,Total,1070.0,85385.0,1.253147508344557
E14000534,Arundel and South Downs,Aged 16-24,Total,155.0,7496.0,2.067769477054429
E14000535,Ashfield,Aged 16+,Total,2420.0,87712.0,2.759029551258665
E14000535,Ashfield,Aged 16-24,Total,550.0,10062.0,5.466110117272907
E14000536,Ashford,Aged 16+,Total,2425.0,99596.0,2.4348367404313427
E14000536,Ashford,Aged 16-24,Total,460.0,11540.0,3.9861351819757362
E14000537,Ashton-under-Lyne,Aged 16+,Total,3380.0,74804.0,4.5184749478637505
E14000537,Ashton-under-Lyne,Aged 16-24,Total,645.0,9404.0,6.858783496384517
E14000538,Aylesbury,Aged 16+,Total,2355.0,100216.0,2.349924163806179
E14000538,Aylesbury,Aged 16-24,Total,355.0,11249.0,3.155836074317717
E14000539,Banbury,Aged 16+,Total,1880.0,101059.0,1.8602994290463988
E14000539,Banbury,Aged 16-24,Total,280.0,11176.0,2.505368647100931
E14000540,Barking,Aged 16+,Total,6675.0,102422.0,6.517154517584113
E14000540,Barking,Aged 16-24,Total,1070.0,15424.0,6.937240663900416
E14000541,Barnsley Central,Aged 16+,Total,2210.0,75771.0,2.9166831637433845
E14000541,Barnsley Central,Aged 16-24,Total,405.0,8564.0,4.729098552078468
E14000542,Barnsley East,Aged 16+,Total,2010.0,77509.0,2.593247235804874
E14000542,Barnsley East,Aged 16-24,Total,445.0,9088.0,4.896566901408451
E14000543,Barrow and Furness,Aged 16+,Total,1375.0,71658.0,1.9188366965307433
E14000543,Barrow and Furness,Aged 16-24,Total,320.0,7899.0,4.051145714647424
E14000544,Basildon and Billericay,Aged 16+,Total,2145.0,75858.0,2.8276516649529384
E14000544,Basildon and Billericay,Aged 16-24,Total,455.0,9202.0,4.94457726581178
E14000545,Basingstoke,Aged 16+,Total,2260.0,91957.0,2.457670432919734
E14000545,Basingstoke,Aged 16-24,Total,440.0,10901.0,4.036326942482341
E14000546,Bassetlaw,Aged 16+,Total,2345.0,89119.0,2.6313131879846052
E14000546,Bassetlaw,Aged 16-24,Total,425.0,9511.0,4.468510146146567
E14000547,Bath,Aged 16+,Total,1240.0,85105.0,1.4570236766347453
E14000547,Bath,Aged 16-24,Total,185.0,23420.0,0.7899231426131512
E14000548,Batley and Spen,Aged 16+,Total,2940.0,88208.0,3.333031017594776
E14000548,Batley and Spen,Aged 16-24,Total,605.0,11062.0,5.46917374796601
E14000549,Battersea,Aged 16+,Total,2860.0,100759.0,2.838456118063895
E14000549,Battersea,Aged 16-24,Total,340.0,10888.0,3.1227038941954444
E14000550,Beaconsfield,Aged 16+,Total,1330.0,82437.0,1.6133532273129785
E14000550,Beaconsfield,Aged 16-24,Total,180.0,8097.0,2.223045572434235
E14000551,Beckenham,Aged 16+,Total,1340.0,74838.0,1.7905342205831263
E14000551,Beckenham,Aged 16-24,Total,210.0,7772.0,2.7020072053525475
E14000552,Bedford,Aged 16+,Total,3835.0,84818.0,4.52144591949822
E14000552,Bedford,Aged 16-24,Total,605.0,11045.0,5.4775916704391125
E14000553,Bermondsey and Old Southwark,Aged 16+,Total,5225.0,126678.0,4.124630954072531
E14000553,Bermondsey and Old Southwark,Aged 16-24,Total,680.0,19860.0,3.4239677744209467
E14000554,Berwick-upon-Tweed,Aged 16+,Total,1015.0,65961.0,1.5387880717393612
E14000554,Berwick-upon-Tweed,Aged 16-24,Total,180.0,5662.0,3.179088661250441
E14000555,Bethnal Green and Bow,Aged 16+,Total,6590.0,126771.0,5.198349780312532
E14000555,Bethnal Green and Bow,Aged 16-24,Total,1065.0,22913.0,4.648016409898311
E14000556,Beverley and Holderness,Aged 16+,Total,1315.0,84841.0,1.5499581570231373
E14000556,Beverley and Holderness,Aged 16-24,Total,255.0,8021.0,3.1791547188629843
E14000557,Bexhill and Battle,Aged 16+,Total,1640.0,90934.0,1.8035058394000043
E14000557,Bexhill and Battle,Aged 16-24,Total,290.0,8235.0,3.5215543412264725
E14000558,Bexleyheath and Crayford,Aged 16+,Total,1850.0,75791.0,2.440923064743835
E14000558,Bexleyheath and Crayford,Aged 16-24,Total,340.0,8906.0,3.8176510217830675
E14000559,Birkenhead,Aged 16+,Total,3090.0,72548.0,4.259249048905552
E14000559,Birkenhead,Aged 16-24,Total,685.0,9159.0,7.478982421661754
E14000560,"Birmingham, Edgbaston",Aged 16+,Total,4715.0,85991.0,5.48313195566978
E14000560,"Birmingham, Edgbaston",Aged 16-24,Total,820.0,18161.0,4.5151698695005775
E14000561,"Birmingham, Erdington",Aged 16+,Total,6660.0,79924.0,8.332916270456934
E14000561,"Birmingham, Erdington",Aged 16-24,Total,1370.0,11946.0,11.468273899213125
E14000562,"Birmingham, Hall Green",Aged 16+,Total,7100.0,90670.0,7.830594463438844
E14000562,"Birmingham, Hall Green",Aged 16-24,Total,1280.0,16355.0,7.826352797309691
E14000563,"Birmingham, Hodge Hill",Aged 16+,Total,8570.0,91238.0,9.39301606786646
E14000563,"Birmingham, Hodge Hill",Aged 16-24,Total,1735.0,18908.0,9.176010154431987
E14000564,"Birmingham, Ladywood",Aged 16+,Total,12555.0,119062.0,10.544926172918313
E14000564,"Birmingham, Ladywood",Aged 16-24,Total,2150.0,30813.0,6.97757440041541
E14000565,"Birmingham, Northfield",Aged 16+,Total,4525.0,79736.0,5.674977425504164
E14000565,"Birmingham, Northfield",Aged 16-24,Total,945.0,10958.0,8.623836466508488
E14000566,"Birmingham, Perry Barr",Aged 16+,Total,7930.0,85692.0,9.254072725575316
E14000566,"Birmingham, Perry Barr",Aged 16-24,Total,1495.0,14691.0,10.176298413994962
E14000567,"Birmingham, Selly Oak",Aged 16+,Total,4110.0,90258.0,4.55361297613508
E14000567,"Birmingham, Selly Oak",Aged 16-24,Total,875.0,25291.0,3.4597287572654305
E14000568,"Birmingham, Yardley",Aged 16+,Total,6220.0,84974.0,7.319886082801798
E14000568,"Birmingham, Yardley",Aged 16-24,Total,1305.0,13649.0,9.561140010257162
E14000569,Bishop Auckland,Aged 16+,Total,1855.0,74720.0,2.4826017130620985
E14000569,Bishop Auckland,Aged 16-24,Total,435.0,8250.0,5.2727272727272725
E14000570,Blackburn,Aged 16+,Total,4090.0,83668.0,4.8883683128555715
E14000570,Blackburn,Aged 16-24,Total,785.0,13330.0,5.888972243060765
E14000571,Blackley and Broughton,Aged 16+,Total,6065.0,90694.0,6.687322204335458
E14000571,Blackley and Broughton,Aged 16-24,Total,970.0,13293.0,7.297073647784548
E14000572,Blackpool North and Cleveleys,Aged 16+,Total,2280.0,68529.0,3.32705861751959
E14000572,Blackpool North and Cleveleys,Aged 16-24,Total,465.0,7272.0,6.394389438943894
E14000573,Blackpool South,Aged 16+,Total,3325.0,63877.0,5.205316467586142
E14000573,Blackpool South,Aged 16-24,Total,640.0,7857.0,8.14560264732086
E14000574,Blaydon,Aged 16+,Total,1645.0,72751.0,2.261137303954585
E14000574,Blaydon,Aged 16-24,Total,320.0,7480.0,4.27807486631016
E14000575,Blyth Valley,Aged 16+,Total,2125.0,70275.0,3.023834934187122
E14000575,Blyth Valley,Aged 16-24,Total,480.0,7710.0,6.22568093385214
E14000576,Bognor Regis and Littlehampton,Aged 16+,Total,2345.0,89764.0,2.6124058642662984
E14000576,Bognor Regis and Littlehampton,Aged 16-24,Total,335.0,8829.0,3.7943141918677084
E14000577,Bolsover,Aged 16+,Total,1940.0,83380.0,2.3266970496521946
E14000577,Bolsover,Aged 16-24,Total,390.0,9135.0,4.269293924466338
E14000578,Bolton North East,Aged 16+,Total,3875.0,78269.0,4.950874548033066
E14000578,Bolton North East,Aged 16-24,Total,725.0,10180.0,7.121807465618861
E14000579,Bolton South East,Aged 16+,Total,4285.0,82012.0,5.224845144612984
E14000579,Bolton South East,Aged 16-24,Total,785.0,11917.0,6.587228329277503
E14000580,Bolton West,Aged 16+,Total,2020.0,78501.0,2.573215627826397
E14000580,Bolton West,Aged 16-24,Total,380.0,8586.0,4.4258094572559985
E14000581,Bootle,Aged 16+,Total,3565.0,80327.0,4.438109228528391
E14000581,Bootle,Aged 16-24,Total,695.0,9717.0,7.152413296284861
E14000582,Boston and Skegness,Aged 16+,Total,2935.0,89370.0,3.2840998097795677
E14000582,Boston and Skegness,Aged 16-24,Total,525.0,9199.0,5.707142080660941
E14000583,Bosworth,Aged 16+,Total,1485.0,87708.0,1.6931180736078806
E14000583,Bosworth,Aged 16-24,Total,255.0,9030.0,2.823920265780731
E14000584,Bournemouth East,Aged 16+,Total,2750.0,86553.0,3.1772440007856457
E14000584,Bournemouth East,Aged 16-24,Total,375.0,11529.0,3.2526671870934165
E14000585,Bournemouth West,Aged 16+,Total,2710.0,89085.0,3.0420385025537406
E14000585,Bournemouth West,Aged 16-24,Total,440.0,17407.0,2.527718733842707
E14000586,Bracknell,Aged 16+,Total,1525.0,89982.0,1.6947834011246692
E14000586,Bracknell,Aged 16-24,Total,240.0,10869.0,2.2081148219707423
E14000587,Bradford East,Aged 16+,Total,6605.0,87510.0,7.547708833276197
E14000587,Bradford East,Aged 16-24,Total,1535.0,14960.0,10.260695187165775
E14000588,Bradford South,Aged 16+,Total,4565.0,80582.0,5.665036856866298
E14000588,Bradford South,Aged 16-24,Total,980.0,10991.0,8.916386134109725
E14000589,Bradford West,Aged 16+,Total,7280.0,90063.0,8.083230627449673
E14000589,Bradford West,Aged 16-24,Total,1560.0,18336.0,8.507853403141361
E14000590,Braintree,Aged 16+,Total,1690.0,82421.0,2.050448308076825
E14000590,Braintree,Aged 16-24,Total,300.0,9026.0,3.323731442499446
E14000591,Brent Central,Aged 16+,Total,8840.0,115796.0,7.634115168054165
E14000591,Brent Central,Aged 16-24,Total,1310.0,17838.0,7.343872631460926
E14000592,Brent North,Aged 16+,Total,4755.0,105970.0,4.4871189959422475
E14000592,Brent North,Aged 16-24,Total,655.0,14271.0,4.589727419241819
E14000593,Brentford and Isleworth,Aged 16+,Total,4500.0,107960.0,4.16821044831419
E14000593,Brentford and Isleworth,Aged 16-24,Total,610.0,12470.0,4.891740176423416
E14000594,Brentwood and Ongar,Aged 16+,Total,1490.0,79147.0,1.8825729339077917
E14000594,Brentwood and Ongar,Aged 16-24,Total,225.0,8637.0,2.6050712052796112
E14000595,Bridgwater and West Somerset,Aged 16+,Total,1845.0,95011.0,1.9418804138468175
E14000595,Bridgwater and West Somerset,Aged 16-24,Total,335.0,9749.0,3.4362498717817216
E14000596,Brigg and Goole,Aged 16+,Total,1525.0,73631.0,2.071138515027638
E14000596,Brigg and Goole,Aged 16-24,Total,280.0,7262.0,3.855687138529331
E14000597,"Brighton, Kemptown",Aged 16+,Total,2840.0,81935.0,3.466162201745286
E14000597,"Brighton, Kemptown",Aged 16-24,Total,560.0,15783.0,3.548121396439207
E14000598,"Brighton, Pavilion",Aged 16+,Total,2955.0,98492.0,3.000243674613167
E14000598,"Brighton, Pavilion",Aged 16-24,Total,575.0,25496.0,2.255255726388453
E14000599,Bristol East,Aged 16+,Total,2495.0,81588.0,3.0580477521204097
E14000599,Bristol East,Aged 16-24,Total,400.0,11286.0,3.54421407052986
E14000600,Bristol North West,Aged 16+,Total,2110.0,84169.0,2.5068611959272418
E14000600,Bristol North West,Aged 16-24,Total,420.0,13707.0,3.064127817903261
E14000601,Bristol South,Aged 16+,Total,2930.0,89992.0,3.2558449639968
E14000601,Bristol South,Aged 16-24,Total,560.0,11484.0,4.876349703935911
E14000602,Bristol West,Aged 16+,Total,3920.0,124403.0,3.1510494119916723
E14000602,Bristol West,Aged 16-24,Total,575.0,37183.0,1.546405615469435
E14000603,Broadland,Aged 16+,Total,1150.0,84072.0,1.3678751546293655
E14000603,Broadland,Aged 16-24,Total,220.0,8107.0,2.7137042062415198
E14000604,Bromley and Chislehurst,Aged 16+,Total,2140.0,76507.0,2.7971296744088776
E14000604,Bromley and Chislehurst,Aged 16-24,Total,325.0,8170.0,3.9779681762545898
E14000605,Bromsgrove,Aged 16+,Total,1405.0,81934.0,1.714794834867088
E14000605,Bromsgrove,Aged 16-24,Total,250.0,8197.0,3.04989630352568
E14000606,Broxbourne,Aged 16+,Total,2045.0,81979.0,2.4945412849632222
E14000606,Broxbourne,Aged 16-24,Total,310.0,9741.0,3.1824248023816857
E14000607,Broxtowe,Aged 16+,Total,1470.0,82677.0,1.7780035560071121
E14000607,Broxtowe,Aged 16-24,Total,270.0,10373.0,2.6029114046081174
E14000608,Buckingham,Aged 16+,Total,1245.0,88323.0,1.4095988587344181
E14000608,Buckingham,Aged 16-24,Total,160.0,9792.0,1.6339869281045754
E14000609,Burnley,Aged 16+,Total,3330.0,70499.0,4.723471254911417
E14000609,Burnley,Aged 16-24,Total,685.0,8541.0,8.020138157124459
E14000610,Burton,Aged 16+,Total,2510.0,88050.0,2.8506530380465644
E14000610,Burton,Aged 16-24,Total,430.0,10412.0,4.1298501728774495
E14000611,Bury North,Aged 16+,Total,2540.0,72188.0,3.518590347426165
E14000611,Bury North,Aged 16-24,Total,530.0,8691.0,6.098262570475204
E14000612,Bury South,Aged 16+,Total,2445.0,79823.0,3.063026947120504
E14000612,Bury South,Aged 16-24,Total,440.0,9339.0,4.7114252061248525
E14000613,Bury St Edmunds,Aged 16+,Total,1625.0,99380.0,1.6351378546991349
E14000613,Bury St Edmunds,Aged 16-24,Total,260.0,10511.0,2.4735990866711064
E14000614,Calder Valley,Aged 16+,Total,1840.0,86277.0,2.132665716239554
E14000614,Calder Valley,Aged 16-24,Total,385.0,9041.0,4.258378497953766
E14000615,Camberwell and Peckham,Aged 16+,Total,5780.0,103823.0,5.567167198019707
E14000615,Camberwell and Peckham,Aged 16-24,Total,820.0,11557.0,7.095266937786623
E14000616,Camborne and Redruth,Aged 16+,Total,1780.0,78250.0,2.2747603833865817
E14000616,Camborne and Redruth,Aged 16-24,Total,325.0,9991.0,3.2529276348713845
E14000617,Cambridge,Aged 16+,Total,2015.0,95425.0,2.111605973277443
E14000617,Cambridge,Aged 16-24,Total,330.0,26437.0,1.2482505579301737
E14000618,Cannock Chase,Aged 16+,Total,2105.0,83340.0,2.5257979361651066
E14000618,Cannock Chase,Aged 16-24,Total,455.0,9369.0,4.856441455865087
E14000619,Canterbury,Aged 16+,Total,2410.0,103313.0,2.332717083038921
E14000619,Canterbury,Aged 16-24,Total,545.0,25234.0,2.159784417848934
E14000620,Carlisle,Aged 16+,Total,1435.0,71013.0,2.0207567628462395
E14000620,Carlisle,Aged 16-24,Total,220.0,8159.0,2.696408873636475
E14000621,Carshalton and Wallington,Aged 16+,Total,2285.0,81175.0,2.8149060671388977
E14000621,Carshalton and Wallington,Aged 16-24,Total,410.0,9359.0,4.380809915589272
E14000622,Castle Point,Aged 16+,Total,1205.0,74976.0,1.6071809645753308
E14000622,Castle Point,Aged 16-24,Total,240.0,8287.0,2.8961023289489565
E14000623,Central Devon,Aged 16+,Total,1005.0,79099.0,1.270559678377729
E14000623,Central Devon,Aged 16-24,Total,180.0,7314.0,2.461033634126333
E14000624,Central Suffolk and North Ipswich,Aged 16+,Total,1120.0,84663.0,1.3228919362649563
E14000624,Central Suffolk and North Ipswich,Aged 16-24,Total,205.0,8872.0,2.3106402164111812
E14000625,Charnwood,Aged 16+,Total,1150.0,86258.0,1.3332096733056644
E14000625,Charnwood,Aged 16-24,Total,225.0,9618.0,2.3393636930754833
E14000626,Chatham and Aylesford,Aged 16+,Total,2470.0,80359.0,3.073706740999764
E14000626,Chatham and Aylesford,Aged 16-24,Total,440.0,9737.0,4.518845640340968
E14000627,Cheadle,Aged 16+,Total,1100.0,76197.0,1.4436263894904
E14000627,Cheadle,Aged 16-24,Total,185.0,7991.0,2.315104492554123
E14000628,Chelmsford,Aged 16+,Total,1980.0,90663.0,2.1839118493762615
E14000628,Chelmsford,Aged 16-24,Total,330.0,10515.0,3.138373751783167
E14000629,Chelsea and Fulham,Aged 16+,Total,2260.0,89763.0,2.517741162839923
E14000629,Chelsea and Fulham,Aged 16-24,Total,230.0,11226.0,2.048815250311776
E14000630,Cheltenham,Aged 16+,Total,1860.0,86296.0,2.1553722072865487
E14000630,Cheltenham,Aged 16-24,Total,350.0,12341.0,2.836074872376631
E14000631,Chesham and Amersham,Aged 16+,Total,1190.0,76315.0,1.559326475791129
E14000631,Chesham and Amersham,Aged 16-24,Total,155.0,7795.0,1.9884541372674793
E14000632,Chesterfield,Aged 16+,Total,2125.0,78610.0,2.70321842004834
E14000632,Chesterfield,Aged 16-24,Total,445.0,8439.0,5.273136627562507
E14000633,Chichester,Aged 16+,Total,1970.0,93535.0,2.106163468220452
E14000633,Chichester,Aged 16-24,Total,250.0,10306.0,2.425771395303707
E14000634,Chingford and Woodford Green,Aged 16+,Total,2655.0,74925.0,3.543543543543543
E14000634,Chingford and Woodford Green,Aged 16-24,Total,430.0,8395.0,5.122096486003573
E14000635,Chippenham,Aged 16+,Total,1295.0,81298.0,1.5929051145169622
E14000635,Chippenham,Aged 16-24,Total,240.0,8024.0,2.991026919242273
E14000636,Chipping Barnet,Aged 16+,Total,2705.0,95252.0,2.8398353840339308
E14000636,Chipping Barnet,Aged 16-24,Total,330.0,10620.0,3.1073446327683616
E14000637,Chorley,Aged 16+,Total,1625.0,86029.0,1.8888979297678692
E14000637,Chorley,Aged 16-24,Total,340.0,9142.0,3.7190986654998905
E14000638,Christchurch,Aged 16+,Total,970.0,75719.0,1.2810523118371875
E14000638,Christchurch,Aged 16-24,Total,145.0,6518.0,2.224608775698067
E14000639,Cities of London and Westminster,Aged 16+,Total,2750.0,121250.0,2.268041237113402
E14000639,Cities of London and Westminster,Aged 16-24,Total,340.0,18208.0,1.8673110720562391
E14000640,City of Chester,Aged 16+,Total,1660.0,80888.0,2.0522203540698247
E14000640,City of Chester,Aged 16-24,Total,300.0,11431.0,2.624442306009973
E14000641,City of Durham,Aged 16+,Total,1355.0,91380.0,1.482818997592471
E14000641,City of Durham,Aged 16-24,Total,260.0,23090.0,1.126028583802512
E14000642,Clacton,Aged 16+,Total,2280.0,76626.0,2.975491347584371
E14000642,Clacton,Aged 16-24,Total,495.0,7309.0,6.772472294431522
E14000643,Cleethorpes,Aged 16+,Total,1535.0,77903.0,1.9703990860428997
E14000643,Cleethorpes,Aged 16-24,Total,310.0,7674.0,4.039614281991139
E14000644,Colchester,Aged 16+,Total,2780.0,100900.0,2.755203171456888
E14000644,Colchester,Aged 16-24,Total,540.0,16163.0,3.340963929963497
E14000645,Colne Valley,Aged 16+,Total,2275.0,90907.0,2.502557558823853
E14000645,Colne Valley,Aged 16-24,Total,410.0,9611.0,4.265945271043596
E14000646,Congleton,Aged 16+,Total,1135.0,81462.0,1.3932876678696815
E14000646,Congleton,Aged 16-24,Total,210.0,7641.0,2.7483313702394976
E14000647,Copeland,Aged 16+,Total,1035.0,65341.0,1.5839977961769793
E14000647,Copeland,Aged 16-24,Total,235.0,6629.0,3.5450294162015386
E14000648,Corby,Aged 16+,Total,2435.0,99990.0,2.435243524352435
E14000648,Corby,Aged 16-24,Total,445.0,11381.0,3.910025481064933
E14000649,Coventry North East,Aged 16+,Total,5275.0,101882.0,5.177558351818771
E14000649,Coventry North East,Aged 16-24,Total,950.0,14673.0,6.474476930416411
E14000650,Coventry North West,Aged 16+,Total,3230.0,92691.0,3.4846964645974263
E14000650,Coventry North West,Aged 16-24,Total,575.0,13107.0,4.386968795300221
E14000651,Coventry South,Aged 16+,Total,3735.0,111831.0,3.339861040319768
E14000651,Coventry South,Aged 16-24,Total,740.0,34328.0,2.155674667909578
E14000652,Crawley,Aged 16+,Total,3000.0,87499.0,3.4286106126927165
E14000652,Crawley,Aged 16-24,Total,490.0,10293.0,4.760516856115807
E14000653,Crewe and Nantwich,Aged 16+,Total,2215.0,90917.0,2.436288042940264
E14000653,Crewe and Nantwich,Aged 16-24,Total,440.0,10656.0,4.129129129129129
E14000654,Croydon Central,Aged 16+,Total,4745.0,95687.0,4.958876336388434
E14000654,Croydon Central,Aged 16-24,Total,745.0,11607.0,6.418540535883518
E14000655,Croydon North,Aged 16+,Total,7315.0,113601.0,6.4392038802475335
E14000655,Croydon North,Aged 16-24,Total,1270.0,14797.0,8.58282084206258
E14000656,Croydon South,Aged 16+,Total,2790.0,93438.0,2.985937198998266
E14000656,Croydon South,Aged 16-24,Total,445.0,10424.0,4.268994627782041
E14000657,Dagenham and Rainham,Aged 16+,Total,4375.0,85661.0,5.107341730775965
E14000657,Dagenham and Rainham,Aged 16-24,Total,715.0,11946.0,5.985267034990792
E14000658,Darlington,Aged 16+,Total,2600.0,74753.0,3.478121279413535
E14000658,Darlington,Aged 16-24,Total,495.0,8558.0,5.784061696658098
E14000659,Dartford,Aged 16+,Total,2275.0,92982.0,2.446710115936418
E14000659,Dartford,Aged 16-24,Total,400.0,10551.0,3.791109847407829
E14000660,Daventry,Aged 16+,Total,1450.0,84444.0,1.7171143006015819
E14000660,Daventry,Aged 16-24,Total,270.0,8738.0,3.0899519340810255
E14000661,Denton and Reddish,Aged 16+,Total,2230.0,70533.0,3.161640650475664
E14000661,Denton and Reddish,Aged 16-24,Total,460.0,8055.0,5.710738671632527
E14000662,Derby North,Aged 16+,Total,2720.0,82235.0,3.307594090107618
E14000662,Derby North,Aged 16-24,Total,590.0,13849.0,4.260235396057476
E14000663,Derby South,Aged 16+,Total,4970.0,89628.0,5.545142143080287
E14000663,Derby South,Aged 16-24,Total,945.0,13998.0,6.750964423489069
E14000664,Derbyshire Dales,Aged 16+,Total,840.0,69299.0,1.212138703300192
E14000664,Derbyshire Dales,Aged 16-24,Total,120.0,6425.0,1.867704280155642
E14000665,Devizes,Aged 16+,Total,1165.0,84346.0,1.3812154696132597
E14000665,Devizes,Aged 16-24,Total,215.0,11364.0,1.891939457937346
E14000666,Dewsbury,Aged 16+,Total,2940.0,90527.0,3.2476498724137546
E14000666,Dewsbury,Aged 16-24,Total,620.0,11830.0,5.240912933220625
E14000667,Don Valley,Aged 16+,Total,2045.0,82896.0,2.466946535417873
E14000667,Don Valley,Aged 16-24,Total,435.0,8876.0,4.9008562415502475
E14000668,Doncaster Central,Aged 16+,Total,3965.0,90190.0,4.396274531544518
E14000668,Doncaster Central,Aged 16-24,Total,720.0,10531.0,6.83695755388852
E14000669,Doncaster North,Aged 16+,Total,2740.0,79118.0,3.463181576885159
E14000669,Doncaster North,Aged 16-24,Total,630.0,9217.0,6.835195833785397
E14000670,Dover,Aged 16+,Total,2495.0,85371.0,2.9225380984174953
E14000670,Dover,Aged 16-24,Total,530.0,9061.0,5.849244012802119
E14000671,Dudley North,Aged 16+,Total,3120.0,68394.0,4.561803666988332
E14000671,Dudley North,Aged 16-24,Total,685.0,8693.0,7.8799033705280115
E14000672,Dudley South,Aged 16+,Total,2365.0,65701.0,3.59964079694373
E14000672,Dudley South,Aged 16-24,Total,500.0,7918.0,6.314725940894165
E14000673,Dulwich and West Norwood,Aged 16+,Total,4300.0,89688.0,4.794398358754794
E14000673,Dulwich and West Norwood,Aged 16-24,Total,685.0,9153.0,7.4838850650060085
E14000674,Ealing Central and Acton,Aged 16+,Total,4835.0,99681.0,4.850473008898386
E14000674,Ealing Central and Acton,Aged 16-24,Total,665.0,12839.0,5.17953111613054
E14000675,Ealing North,Aged 16+,Total,5360.0,90966.0,5.8923114130554275
E14000675,Ealing North,Aged 16-24,Total,755.0,11223.0,6.7272565267753714
E14000676,"Ealing, Southall",Aged 16+,Total,4095.0,75235.0,5.442945437628763
E14000676,"Ealing, Southall",Aged 16-24,Total,510.0,9068.0,5.6241729157476845
E14000677,Easington,Aged 16+,Total,2245.0,67241.0,3.3387367826177483
E14000677,Easington,Aged 16-24,Total,510.0,7707.0,6.617360840794083
E14000678,East Devon,Aged 16+,Total,1020.0,91080.0,1.1198945981554678
E14000678,East Devon,Aged 16-24,Total,170.0,8736.0,1.945970695970696
E14000679,East Ham,Aged 16+,Total,8020.0,125164.0,6.407593237672174
E14000679,East Ham,Aged 16-24,Total,1030.0,18950.0,5.435356200527704
E14000680,East Hampshire,Aged 16+,Total,1275.0,83245.0,1.5316235209321882
E14000680,East Hampshire,Aged 16-24,Total,180.0,9047.0,1.9896098154084225
E14000681,East Surrey,Aged 16+,Total,1540.0,91898.0,1.6757709634594875
E14000681,East Surrey,Aged 16-24,Total,265.0,9651.0,2.745829447725624
E14000682,East Worthing and Shoreham,Aged 16+,Total,1485.0,81268.0,1.8272874932322685
E14000682,East Worthing and Shoreham,Aged 16-24,Total,275.0,8463.0,3.2494387333097006
E14000683,East Yorkshire,Aged 16+,Total,1765.0,87167.0,2.0248488533504654
E14000683,East Yorkshire,Aged 16-24,Total,315.0,7719.0,4.080839486980179
E14000684,Eastbourne,Aged 16+,Total,2765.0,92118.0,3.001584923684839
E14000684,Eastbourne,Aged 16-24,Total,465.0,10284.0,4.521586931155192
E14000685,Eastleigh,Aged 16+,Total,1575.0,91912.0,1.7135956131952301
E14000685,Eastleigh,Aged 16-24,Total,280.0,10084.0,2.7766759222530744
E14000686,Eddisbury,Aged 16+,Total,1210.0,76002.0,1.5920633667535065
E14000686,Eddisbury,Aged 16-24,Total,235.0,7838.0,2.9982138300586882
E14000687,Edmonton,Aged 16+,Total,5905.0,90588.0,6.518523424736168
E14000687,Edmonton,Aged 16-24,Total,940.0,13385.0,7.022786701531565
E14000688,Ellesmere Port and Neston,Aged 16+,Total,1595.0,71872.0,2.2192230632235086
E14000688,Ellesmere Port and Neston,Aged 16-24,Total,320.0,7950.0,4.0251572327044025
E14000689,Elmet and Rothwell,Aged 16+,Total,1130.0,82535.0,1.3691161325498273
E14000689,Elmet and Rothwell,Aged 16-24,Total,215.0,8731.0,2.4624899782384606
E14000690,Eltham,Aged 16+,Total,2850.0,74960.0,3.8020277481323377
E14000690,Eltham,Aged 16-24,Total,490.0,9024.0,5.429964539007092
E14000691,Enfield North,Aged 16+,Total,4080.0,83187.0,4.904612499549208
E14000691,Enfield North,Aged 16-24,Total,685.0,11249.0,6.089430171570806
E14000692,"Enfield, Southgate",Aged 16+,Total,2780.0,83892.0,3.3137843894531063
E14000692,"Enfield, Southgate",Aged 16-24,Total,320.0,9015.0,3.5496394897393237
E14000693,Epping Forest,Aged 16+,Total,1840.0,81490.0,2.2579457602159776
E14000693,Epping Forest,Aged 16-24,Total,300.0,9177.0,3.2690421706440014
E14000694,Epsom and Ewell,Aged 16+,Total,1270.0,88737.0,1.4311955554052989
E14000694,Epsom and Ewell,Aged 16-24,Total,195.0,10291.0,1.8948595860460598
E14000695,Erewash,Aged 16+,Total,2075.0,79613.0,2.6063582580734304
E14000695,Erewash,Aged 16-24,Total,415.0,8927.0,4.648818192001793
E14000696,Erith and Thamesmead,Aged 16+,Total,4445.0,93325.0,4.7629252611840345
E14000696,Erith and Thamesmead,Aged 16-24,Total,675.0,12582.0,5.36480686695279
E14000697,Esher and Walton,Aged 16+,Total,1465.0,88862.0,1.6486237086718734
E14000697,Esher and Walton,Aged 16-24,Total,230.0,9251.0,2.486217706193925
E14000698,Exeter,Aged 16+,Total,1665.0,100612.0,1.6548721822446626
E14000698,Exeter,Aged 16-24,Total,345.0,24992.0,1.3804417413572343
E14000699,Fareham,Aged 16+,Total,975.0,84710.0,1.1509857159721404
E14000699,Fareham,Aged 16-24,Total,195.0,9011.0,2.1640217511929865
E14000700,Faversham and Mid Kent,Aged 16+,Total,1790.0,81338.0,2.2006934028375422
E14000700,Faversham and Mid Kent,Aged 16-24,Total,310.0,8764.0,3.5371976266544958
E14000701,Feltham and Heston,Aged 16+,Total,5370.0,103942.0,5.166342768082199
E14000701,Feltham and Heston,Aged 16-24,Total,745.0,13736.0,5.423704135119394
E14000702,Filton and Bradley Stoke,Aged 16+,Total,1265.0,87123.0,1.451970203046268
E14000702,Filton and Bradley Stoke,Aged 16-24,Total,225.0,14402.0,1.5622830162477432
E14000703,Finchley and Golders Green,Aged 16+,Total,3590.0,106321.0,3.3765671880437544
E14000703,Finchley and Golders Green,Aged 16-24,Total,405.0,12565.0,3.223239156386789
E14000704,Folkestone and Hythe,Aged 16+,Total,2695.0,98774.0,2.728450806892502
E14000704,Folkestone and Hythe,Aged 16-24,Total,520.0,9911.0,5.246695590757744
E14000705,Forest of Dean,Aged 16+,Total,1325.0,76786.0,1.7255749746047457
E14000705,Forest of Dean,Aged 16-24,Total,215.0,8785.0,2.44735344336938
E14000706,Fylde,Aged 16+,Total,1345.0,73498.0,1.82998176821138
E14000706,Fylde,Aged 16-24,Total,230.0,6589.0,3.490666261951738
E14000707,Gainsborough,Aged 16+,Total,1695.0,81974.0,2.067728792056018
E14000707,Gainsborough,Aged 16-24,Total,345.0,8065.0,4.277743335399876
E14000708,Garston and Halewood,Aged 16+,Total,2510.0,80581.0,3.1148781970936077
E14000708,Garston and Halewood,Aged 16-24,Total,510.0,8470.0,6.02125147579693
E14000709,Gateshead,Aged 16+,Total,3185.0,80343.0,3.9642532641300425
E14000709,Gateshead,Aged 16-24,Total,595.0,11723.0,5.07549262134266
E14000710,Gedling,Aged 16+,Total,1825.0,78470.0,2.325729578182745
E14000710,Gedling,Aged 16-24,Total,365.0,8598.0,4.245173296115376
E14000711,Gillingham and Rainham,Aged 16+,Total,2375.0,81411.0,2.917296188475759
E14000711,Gillingham and Rainham,Aged 16-24,Total,445.0,10907.0,4.079948656825891
E14000712,Gloucester,Aged 16+,Total,2855.0,95898.0,2.9771215249535965
E14000712,Gloucester,Aged 16-24,Total,550.0,13001.0,4.23044381201446
E14000713,Gosport,Aged 16+,Total,1665.0,81419.0,2.044977216620199
E14000713,Gosport,Aged 16-24,Total,350.0,9611.0,3.641660597232338
E14000714,Grantham and Stamford,Aged 16+,Total,1930.0,91696.0,2.104781015529576
E14000714,Grantham and Stamford,Aged 16-24,Total,370.0,9226.0,4.010405376110991
E14000715,Gravesham,Aged 16+,Total,2860.0,83891.0,3.409185729100857
E14000715,Gravesham,Aged 16-24,Total,505.0,10075.0,5.0124069478908195
E14000716,Great Grimsby,Aged 16+,Total,2825.0,69746.0,4.050411493132223
E14000716,Great Grimsby,Aged 16-24,Total,615.0,8601.0,7.150331356818975
E14000717,Great Yarmouth,Aged 16+,Total,2710.0,81562.0,3.3226257325715407
E14000717,Great Yarmouth,Aged 16-24,Total,585.0,9297.0,6.292352371732816
E14000718,Greenwich and Woolwich,Aged 16+,Total,4980.0,106669.0,4.668647873327771
E14000718,Greenwich and Woolwich,Aged 16-24,Total,825.0,14063.0,5.866458081490436
E14000719,Guildford,Aged 16+,Total,1455.0,97836.0,1.487182632159941
E14000719,Guildford,Aged 16-24,Total,230.0,21261.0,1.0817929542354545
E14000720,Hackney North and Stoke Newington,Aged 16+,Total,5825.0,110110.0,5.290164381073472
E14000720,Hackney North and Stoke Newington,Aged 16-24,Total,815.0,13109.0,6.217102753833244
E14000721,Hackney South and Shoreditch,Aged 16+,Total,6200.0,112860.0,5.493531809321283
E14000721,Hackney South and Shoreditch,Aged 16-24,Total,855.0,14259.0,5.996212918156953
E14000722,Halesowen and Rowley Regis,Aged 16+,Total,2345.0,72105.0,3.2522016503709867
E14000722,Halesowen and Rowley Regis,Aged 16-24,Total,455.0,8605.0,5.287623474723998
E14000723,Halifax,Aged 16+,Total,3595.0,84116.0,4.273859907746445
E14000723,Halifax,Aged 16-24,Total,810.0,10752.0,7.533482142857142
E14000724,Haltemprice and Howden,Aged 16+,Total,860.0,76073.0,1.1304930790162082
E14000724,Haltemprice and Howden,Aged 16-24,Total,165.0,7414.0,2.225519287833828
E14000725,Halton,Aged 16+,Total,2620.0,79219.0,3.30728739317588
E14000725,Halton,Aged 16-24,Total,565.0,9336.0,6.051842330762639
E14000726,Hammersmith,Aged 16+,Total,4565.0,96038.0,4.753326808138445
E14000726,Hammersmith,Aged 16-24,Total,635.0,14060.0,4.516358463726885
E14000727,Hampstead and Kilburn,Aged 16+,Total,3905.0,124880.0,3.1270019218449714
E14000727,Hampstead and Kilburn,Aged 16-24,Total,475.0,13168.0,3.60722964763062
E14000728,Harborough,Aged 16+,Total,1400.0,88578.0,1.58052789631737
E14000728,Harborough,Aged 16-24,Total,285.0,11118.0,2.5634106853750676
E14000729,Harlow,Aged 16+,Total,2905.0,76336.0,3.805543911129742
E14000729,Harlow,Aged 16-24,Total,485.0,8759.0,5.5371617764584995
E14000730,Harrogate and Knaresborough,Aged 16+,Total,1145.0,85640.0,1.3369920597851472
E14000730,Harrogate and Knaresborough,Aged 16-24,Total,165.0,8137.0,2.0277743640162225
E14000731,Harrow East,Aged 16+,Total,2710.0,85732.0,3.16101339056595
E14000731,Harrow East,Aged 16-24,Total,360.0,10398.0,3.4622042700519327
E14000732,Harrow West,Aged 16+,Total,3070.0,87998.0,3.4887156526284686
E14000732,Harrow West,Aged 16-24,Total,420.0,11013.0,3.8136747480250617
E14000733,Hartlepool,Aged 16+,Total,2820.0,75841.0,3.7183054020912176
E14000733,Hartlepool,Aged 16-24,Total,640.0,9196.0,6.959547629404089
E14000734,Harwich and North Essex,Aged 16+,Total,1420.0,82336.0,1.7246404974737661
E14000734,Harwich and North Essex,Aged 16-24,Total,300.0,11805.0,2.5412960609911055
E14000735,Hastings and Rye,Aged 16+,Total,3220.0,91825.0,3.5066702967601415
E14000735,Hastings and Rye,Aged 16-24,Total,675.0,9857.0,6.847925332251192
E14000736,Havant,Aged 16+,Total,2070.0,79000.0,2.620253164556962
E14000736,Havant,Aged 16-24,Total,415.0,9027.0,4.597319153650161
E14000737,Hayes and Harlington,Aged 16+,Total,4750.0,98260.0,4.834113576226338
E14000737,Hayes and Harlington,Aged 16-24,Total,710.0,12750.0,5.568627450980392
E14000738,Hazel Grove,Aged 16+,Total,1195.0,65701.0,1.81884598407939
E14000738,Hazel Grove,Aged 16-24,Total,230.0,6473.0,3.5532210721458366
E14000739,Hemel Hempstead,Aged 16+,Total,2365.0,85005.0,2.782189282983354
E14000739,Hemel Hempstead,Aged 16-24,Total,400.0,9291.0,4.305241631686578
E14000740,Hemsworth,Aged 16+,Total,2055.0,81422.0,2.5238878927071307
E14000740,Hemsworth,Aged 16-24,Total,455.0,9100.0,5.0
E14000741,Hendon,Aged 16+,Total,4815.0,112121.0,4.294467584127862
E14000741,Hendon,Aged 16-24,Total,615.0,15025.0,4.093178036605657
E14000742,Henley,Aged 16+,Total,995.0,82789.0,1.2018504873835896
E14000742,Henley,Aged 16-24,Total,105.0,8414.0,1.2479201331114809
E14000743,Hereford and South Herefordshire,Aged 16+,Total,1480.0,84324.0,1.7551349556472653
E14000743,Hereford and South Herefordshire,Aged 16-24,Total,280.0,8797.0,3.1829032624758438
E14000744,Hertford and Stortford,Aged 16+,Total,1450.0,93807.0,1.5457268647329092
E14000744,Hertford and Stortford,Aged 16-24,Total,205.0,10466.0,1.9587234855723292
E14000745,Hertsmere,Aged 16+,Total,2075.0,82921.0,2.502381785072539
E14000745,Hertsmere,Aged 16-24,Total,335.0,9714.0,3.448630842083591
E14000746,Hexham,Aged 16+,Total,865.0,66018.0,1.3102487200460482
E14000746,Hexham,Aged 16-24,Total,140.0,6164.0,2.2712524334847504
E14000747,Heywood and Middleton,Aged 16+,Total,3335.0,87062.0,3.8306034779812084
E14000747,Heywood and Middleton,Aged 16-24,Total,645.0,10189.0,6.330356266561979
E14000748,High Peak,Aged 16+,Total,1405.0,77017.0,1.8242725632003323
E14000748,High Peak,Aged 16-24,Total,285.0,8047.0,3.5416925562321366
E14000749,Hitchin and Harpenden,Aged 16+,Total,1075.0,82106.0,1.3092831218181376
E14000749,Hitchin and Harpenden,Aged 16-24,Total,170.0,8521.0,1.995071001056214
E14000750,Holborn and St Pancras,Aged 16+,Total,4665.0,141667.0,3.292933428391933
E14000750,Holborn and St Pancras,Aged 16-24,Total,720.0,27849.0,2.5853711084778626
E14000751,Hornchurch and Upminster,Aged 16+,Total,2435.0,89567.0,2.718635211629283
E14000751,Hornchurch and Upminster,Aged 16-24,Total,400.0,10669.0,3.749179866904115
E14000752,Hornsey and Wood Green,Aged 16+,Total,4460.0,101730.0,4.384154133490612
E14000752,Hornsey and Wood Green,Aged 16-24,Total,565.0,11007.0,5.133097120014536
E14000753,Horsham,Aged 16+,Total,1420.0,94157.0,1.5081194175685293
E14000753,Horsham,Aged 16-24,Total,230.0,10405.0,2.2104757328207594
E14000754,Houghton and Sunderland South,Aged 16+,Total,2150.0,72673.0,2.9584577490952624
E14000754,Houghton and Sunderland South,Aged 16-24,Total,465.0,8017.0,5.800174628913559
E14000755,Hove,Aged 16+,Total,2595.0,86030.0,3.0163896315238867
E14000755,Hove,Aged 16-24,Total,395.0,10172.0,3.883208808493905
E14000756,Huddersfield,Aged 16+,Total,3620.0,82263.0,4.400520282508539
E14000756,Huddersfield,Aged 16-24,Total,665.0,14719.0,4.5179699707860586
E14000757,Huntingdon,Aged 16+,Total,1605.0,98763.0,1.6251025181495096
E14000757,Huntingdon,Aged 16-24,Total,290.0,10443.0,2.7769797950780424
E14000758,Hyndburn,Aged 16+,Total,2995.0,73763.0,4.060301235036536
E14000758,Hyndburn,Aged 16-24,Total,615.0,9410.0,6.5356004250797035
E14000759,Ilford North,Aged 16+,Total,3215.0,87782.0,3.6624820578250663
E14000759,Ilford North,Aged 16-24,Total,510.0,11812.0,4.317643074839147
E14000760,Ilford South,Aged 16+,Total,6165.0,110447.0,5.581862793919255
E14000760,Ilford South,Aged 16-24,Total,915.0,16806.0,5.444484112816851
E14000761,Ipswich,Aged 16+,Total,3485.0,89576.0,3.890551040457265
E14000761,Ipswich,Aged 16-24,Total,585.0,11236.0,5.206479174083304
E14000762,Isle of Wight,Aged 16+,Total,3040.0,120425.0,2.5243927755864646
E14000762,Isle of Wight,Aged 16-24,Total,615.0,11767.0,5.2264808362369335
E14000763,Islington North,Aged 16+,Total,4400.0,99834.0,4.407316144800369
E14000763,Islington North,Aged 16-24,Total,630.0,15154.0,4.15731819981523
E14000764,Islington South and Finsbury,Aged 16+,Total,4525.0,109114.0,4.1470388767710835
E14000764,Islington South and Finsbury,Aged 16-24,Total,715.0,21845.0,3.273060196841383
E14000765,Jarrow,Aged 16+,Total,2075.0,68557.0,3.0266785302740784
E14000765,Jarrow,Aged 16-24,Total,420.0,7568.0,5.549682875264271
E14000766,Keighley,Aged 16+,Total,2430.0,77852.0,3.121307095514566
E14000766,Keighley,Aged 16-24,Total,515.0,9081.0,5.671181587930844
E14000767,Kenilworth and Southam,Aged 16+,Total,900.0,72519.0,1.2410540685889215
E14000767,Kenilworth and Southam,Aged 16-24,Total,140.0,9697.0,1.443745488295349
E14000768,Kensington,Aged 16+,Total,2680.0,94390.0,2.839283822438818
E14000768,Kensington,Aged 16-24,Total,370.0,11702.0,3.1618526747564517
E14000769,Kettering,Aged 16+,Total,2180.0,81250.0,2.683076923076923
E14000769,Kettering,Aged 16-24,Total,430.0,9095.0,4.727872457394173
E14000770,Kingston and Surbiton,Aged 16+,Total,2470.0,104364.0,2.3667164922770305
E14000770,Kingston and Surbiton,Aged 16-24,Total,350.0,13669.0,2.56053844465579
E14000771,Kingston upon Hull East,Aged 16+,Total,3050.0,70753.0,4.3107712747162665
E14000771,Kingston upon Hull East,Aged 16-24,Total,615.0,8961.0,6.863073317710076
E14000772,Kingston upon Hull North,Aged 16+,Total,3595.0,77690.0,4.627365169262453
E14000772,Kingston upon Hull North,Aged 16-24,Total,740.0,15148.0,4.8851333509374175
E14000773,Kingston upon Hull West and Hessle,Aged 16+,Total,3580.0,71148.0,5.031764772024512
E14000773,Kingston upon Hull West and Hessle,Aged 16-24,Total,620.0,8911.0,6.957692739310964
E14000774,Kingswood,Aged 16+,Total,955.0,74316.0,1.2850530168469776
E14000774,Kingswood,Aged 16-24,Total,205.0,8070.0,2.540272614622057
E14000775,Knowsley,Aged 16+,Total,3405.0,86204.0,3.9499327177393164
E14000775,Knowsley,Aged 16-24,Total,720.0,10979.0,6.557974314600601
E14000776,Lancaster and Fleetwood,Aged 16+,Total,1815.0,80378.0,2.25808056931001
E14000776,Lancaster and Fleetwood,Aged 16-24,Total,425.0,19254.0,2.2073335410823725
E14000777,Leeds Central,Aged 16+,Total,7415.0,131185.0,5.652323055227351
E14000777,Leeds Central,Aged 16-24,Total,1375.0,41260.0,3.3325254483761517
E14000778,Leeds East,Aged 16+,Total,4595.0,77626.0,5.919408445623889
E14000778,Leeds East,Aged 16-24,Total,985.0,11733.0,8.395124861501747
E14000779,Leeds North East,Aged 16+,Total,2495.0,74026.0,3.3704374138816093
E14000779,Leeds North East,Aged 16-24,Total,435.0,8957.0,4.856536786870604
E14000780,Leeds North West,Aged 16+,Total,1500.0,73585.0,2.03845892505266
E14000780,Leeds North West,Aged 16-24,Total,340.0,22019.0,1.5441209864208183
E14000781,Leeds West,Aged 16+,Total,4060.0,77160.0,5.261793675479523
E14000781,Leeds West,Aged 16-24,Total,825.0,12448.0,6.627570694087403
E14000782,Leicester East,Aged 16+,Total,3345.0,89990.0,3.7170796755195026
E14000782,Leicester East,Aged 16-24,Total,530.0,13538.0,3.9149061899837494
E14000783,Leicester South,Aged 16+,Total,4270.0,104078.0,4.102692211610523
E14000783,Leicester South,Aged 16-24,Total,865.0,29865.0,2.8963669847647746
E14000784,Leicester West,Aged 16+,Total,4285.0,84096.0,5.095367199391172
E14000784,Leicester West,Aged 16-24,Total,925.0,15955.0,5.797555625195863
E14000785,Leigh,Aged 16+,Total,2620.0,87345.0,2.9995992901711603
E14000785,Leigh,Aged 16-24,Total,495.0,9816.0,5.04278728606357
E14000786,Lewes,Aged 16+,Total,1460.0,78473.0,1.8605125329731247
E14000786,Lewes,Aged 16-24,Total,290.0,7692.0,3.7701508060322415
E14000787,Lewisham East,Aged 16+,Total,4565.0,87260.0,5.231492092596837
E14000787,Lewisham East,Aged 16-24,Total,690.0,10127.0,6.813468944406043
E14000788,Lewisham West and Penge,Aged 16+,Total,4385.0,91332.0,4.801164980510665
E14000788,Lewisham West and Penge,Aged 16-24,Total,650.0,9155.0,7.0999453850355
E14000789,"Lewisham, Deptford",Aged 16+,Total,5710.0,104671.0,5.455188160999704
E14000789,"Lewisham, Deptford",Aged 16-24,Total,895.0,14020.0,6.38373751783167
E14000790,Leyton and Wanstead,Aged 16+,Total,4250.0,87555.0,4.854091713779909
E14000790,Leyton and Wanstead,Aged 16-24,Total,580.0,10600.0,5.471698113207547
E14000791,Lichfield,Aged 16+,Total,1310.0,80791.0,1.6214677377430653
E14000791,Lichfield,Aged 16-24,Total,230.0,8118.0,2.833210150283321
E14000792,Lincoln,Aged 16+,Total,2890.0,95041.0,3.040792920949906
E14000792,Lincoln,Aged 16-24,Total,660.0,22751.0,2.9009713858731483
E14000793,"Liverpool, Riverside",Aged 16+,Total,4765.0,124080.0,3.8402643455834946
E14000793,"Liverpool, Riverside",Aged 16-24,Total,880.0,40987.0,2.147022226559641
E14000794,"Liverpool, Walton",Aged 16+,Total,4335.0,74325.0,5.832492431886982
E14000794,"Liverpool, Walton",Aged 16-24,Total,770.0,9261.0,8.314436885865458
E14000795,"Liverpool, Wavertree",Aged 16+,Total,4060.0,77291.0,5.2528754965002395
E14000795,"Liverpool, Wavertree",Aged 16-24,Total,765.0,13293.0,5.754908598510494
E14000796,"Liverpool, West Derby",Aged 16+,Total,3430.0,73564.0,4.6626067098037085
E14000796,"Liverpool, West Derby",Aged 16-24,Total,590.0,8703.0,6.779271515569343
E14000797,Loughborough,Aged 16+,Total,1695.0,94597.0,1.7918115796484033
E14000797,Loughborough,Aged 16-24,Total,360.0,21673.0,1.661052922991741
E14000798,Louth and Horncastle,Aged 16+,Total,1490.0,86005.0,1.7324574152665542
E14000798,Louth and Horncastle,Aged 16-24,Total,270.0,7349.0,3.673969247516669
E14000799,Ludlow,Aged 16+,Total,1050.0,74279.0,1.4135893051871997
E14000799,Ludlow,Aged 16-24,Total,165.0,6250.0,2.64
E14000800,Luton North,Aged 16+,Total,3255.0,74984.0,4.340926064227036
E14000800,Luton North,Aged 16-24,Total,575.0,9557.0,6.0165323846395315
E14000801,Luton South,Aged 16+,Total,5355.0,91520.0,5.85118006993007
E14000801,Luton South,Aged 16-24,Total,830.0,13396.0,6.195879366975216
E14000802,Macclesfield,Aged 16+,Total,1330.0,77312.0,1.7203021523178808
E14000802,Macclesfield,Aged 16-24,Total,205.0,7034.0,2.914415695194768
E14000803,Maidenhead,Aged 16+,Total,1430.0,85525.0,1.6720257234726688
E14000803,Maidenhead,Aged 16-24,Total,235.0,8980.0,2.6169265033407574
E14000804,Maidstone and The Weald,Aged 16+,Total,2220.0,89603.0,2.4775956162182067
E14000804,Maidstone and The Weald,Aged 16-24,Total,375.0,10562.0,3.5504639272864984
E14000805,Makerfield,Aged 16+,Total,1840.0,82270.0,2.236538227786556
E14000805,Makerfield,Aged 16-24,Total,360.0,9648.0,3.731343283582089
E14000806,Maldon,Aged 16+,Total,1200.0,77110.0,1.556218389313967
E14000806,Maldon,Aged 16-24,Total,190.0,7909.0,2.402326463522569
E14000807,Manchester Central,Aged 16+,Total,6645.0,143544.0,4.629242601571644
E14000807,Manchester Central,Aged 16-24,Total,1285.0,43097.0,2.981646054249716
E14000808,"Manchester, Gorton",Aged 16+,Total,6635.0,92707.0,7.15695686409872
E14000808,"Manchester, Gorton",Aged 16-24,Total,1055.0,23361.0,4.516073798210693
E14000809,"Manchester, Withington",Aged 16+,Total,2825.0,81461.0,3.4679171628141074
E14000809,"Manchester, Withington",Aged 16-24,Total,500.0,15136.0,3.30338266384778
E14000810,Mansfield,Aged 16+,Total,2655.0,88629.0,2.995633483397082
E14000810,Mansfield,Aged 16-24,Total,550.0,9473.0,5.805974875963265
E14000811,Meon Valley,Aged 16+,Total,1220.0,79930.0,1.5263355436006507
E14000811,Meon Valley,Aged 16-24,Total,180.0,8442.0,2.1321961620469083
E14000812,Meriden,Aged 16+,Total,2535.0,90911.0,2.788441442729703
E14000812,Meriden,Aged 16-24,Total,505.0,11135.0,4.535249214189493
E14000813,Mid Bedfordshire,Aged 16+,Total,1365.0,94245.0,1.4483526977558492
E14000813,Mid Bedfordshire,Aged 16-24,Total,205.0,10655.0,1.923979352416706
E14000814,Mid Derbyshire,Aged 16+,Total,880.0,69524.0,1.2657499568494333
E14000814,Mid Derbyshire,Aged 16-24,Total,175.0,7000.0,2.5
E14000815,Mid Dorset and North Poole,Aged 16+,Total,965.0,68994.0,1.3986723483201438
E14000815,Mid Dorset and North Poole,Aged 16-24,Total,170.0,7130.0,2.3842917251051894
E14000816,Mid Norfolk,Aged 16+,Total,1325.0,90541.0,1.4634254094829966
E14000816,Mid Norfolk,Aged 16-24,Total,235.0,9414.0,2.4962821329934144
E14000817,Mid Sussex,Aged 16+,Total,1220.0,92841.0,1.3140746006613457
E14000817,Mid Sussex,Aged 16-24,Total,195.0,9105.0,2.14168039538715
E14000818,Mid Worcestershire,Aged 16+,Total,1850.0,88219.0,2.097053922624378
E14000818,Mid Worcestershire,Aged 16-24,Total,320.0,8855.0,3.613777526821005
E14000819,Middlesbrough,Aged 16+,Total,4050.0,75544.0,5.361114052737478
E14000819,Middlesbrough,Aged 16-24,Total,790.0,13240.0,5.966767371601208
E14000820,Middlesbrough South and East Cleveland,Aged 16+,Total,1905.0,77008.0,2.473768959069188
E14000820,Middlesbrough South and East Cleveland,Aged 16-24,Total,450.0,8365.0,5.379557680812911
E14000821,Milton Keynes North,Aged 16+,Total,3440.0,103388.0,3.327272023832553
E14000821,Milton Keynes North,Aged 16-24,Total,485.0,11524.0,4.208608122179799
E14000822,Milton Keynes South,Aged 16+,Total,3340.0,104056.0,3.209810102252633
E14000822,Milton Keynes South,Aged 16-24,Total,500.0,12250.0,4.081632653061225
E14000823,Mitcham and Morden,Aged 16+,Total,4420.0,83832.0,5.272449661227217
E14000823,Mitcham and Morden,Aged 16-24,Total,590.0,10031.0,5.881766523776293
E14000824,Mole Valley,Aged 16+,Total,1060.0,80463.0,1.3173756882045164
E14000824,Mole Valley,Aged 16-24,Total,155.0,8563.0,1.8101132780567557
E14000825,Morecambe and Lunesdale,Aged 16+,Total,1930.0,73485.0,2.626386337347758
E14000825,Morecambe and Lunesdale,Aged 16-24,Total,425.0,7675.0,5.537459283387622
E14000826,Morley and Outwood,Aged 16+,Total,1410.0,81673.0,1.72639672841698
E14000826,Morley and Outwood,Aged 16-24,Total,265.0,9053.0,2.927206450900254
E14000827,New Forest East,Aged 16+,Total,1045.0,77700.0,1.344916344916345
E14000827,New Forest East,Aged 16-24,Total,195.0,7763.0,2.5119154965863713
E14000828,New Forest West,Aged 16+,Total,945.0,73781.0,1.2808175546549925
E14000828,New Forest West,Aged 16-24,Total,140.0,6446.0,2.171889543903196
E14000829,Newark,Aged 16+,Total,1715.0,87464.0,1.9608067319125584
E14000829,Newark,Aged 16-24,Total,305.0,9202.0,3.3144968485111934
E14000830,Newbury,Aged 16+,Total,1465.0,89734.0,1.632603026723427
E14000830,Newbury,Aged 16-24,Total,200.0,10224.0,1.9561815336463224
E14000831,Newcastle upon Tyne Central,Aged 16+,Total,4105.0,87961.0,4.666840986346222
E14000831,Newcastle upon Tyne Central,Aged 16-24,Total,675.0,20772.0,3.2495667244367423
E14000832,Newcastle upon Tyne East,Aged 16+,Total,2565.0,90232.0,2.8426722227147794
E14000832,Newcastle upon Tyne East,Aged 16-24,Total,480.0,29638.0,1.619542479249612
E14000833,Newcastle upon Tyne North,Aged 16+,Total,1780.0,75526.0,2.356804279321029
E14000833,Newcastle upon Tyne North,Aged 16-24,Total,360.0,8933.0,4.030001119444755
E14000834,Newcastle-under-Lyme,Aged 16+,Total,1770.0,79139.0,2.236571096425277
E14000834,Newcastle-under-Lyme,Aged 16-24,Total,365.0,13424.0,2.719010727056019
E14000835,Newton Abbot,Aged 16+,Total,1115.0,78549.0,1.4194961107079656
E14000835,Newton Abbot,Aged 16-24,Total,205.0,7297.0,2.809373715225435
E14000836,"Normanton, Pontefract and Castleford",Aged 16+,Total,2630.0,93585.0,2.8102794251215473
E14000836,"Normanton, Pontefract and Castleford",Aged 16-24,Total,595.0,10468.0,5.683989300726022
E14000837,North Cornwall,Aged 16+,Total,1570.0,78627.0,1.996769557531128
E14000837,North Cornwall,Aged 16-24,Total,250.0,7849.0,3.185119123455217
E14000838,North Devon,Aged 16+,Total,1515.0,81241.0,1.8648219495082532
E14000838,North Devon,Aged 16-24,Total,290.0,7927.0,3.6583827425255455
E14000839,North Dorset,Aged 16+,Total,1065.0,82169.0,1.2961092382772093
E14000839,North Dorset,Aged 16-24,Total,195.0,7874.0,2.476504953009906
E14000840,North Durham,Aged 16+,Total,1725.0,72840.0,2.368204283360791
E14000840,North Durham,Aged 16-24,Total,380.0,7704.0,4.9325025960539985
E14000841,North East Bedfordshire,Aged 16+,Total,1710.0,95942.0,1.7823268224552336
E14000841,North East Bedfordshire,Aged 16-24,Total,285.0,10073.0,2.8293457758363942
E14000842,North East Cambridgeshire,Aged 16+,Total,2490.0,98736.0,2.5218765192027224
E14000842,North East Cambridgeshire,Aged 16-24,Total,475.0,10579.0,4.490027412798941
E14000843,North East Derbyshire,Aged 16+,Total,1530.0,77590.0,1.9719035958242042
E14000843,North East Derbyshire,Aged 16-24,Total,315.0,7959.0,3.95778364116095
E14000844,North East Hampshire,Aged 16+,Total,905.0,82698.0,1.0943432731142229
E14000844,North East Hampshire,Aged 16-24,Total,130.0,8390.0,1.5494636471990464
E14000845,North East Hertfordshire,Aged 16+,Total,1315.0,82082.0,1.6020564801052608
E14000845,North East Hertfordshire,Aged 16-24,Total,200.0,8470.0,2.3612750885478158
E14000846,North East Somerset,Aged 16+,Total,985.0,78507.0,1.2546651890914187
E14000846,North East Somerset,Aged 16-24,Total,135.0,9108.0,1.4822134387351777
E14000847,North Herefordshire,Aged 16+,Total,1125.0,77143.0,1.4583306327210506
E14000847,North Herefordshire,Aged 16-24,Total,175.0,7073.0,2.4741976530467977
E14000848,North Norfolk,Aged 16+,Total,1185.0,76072.0,1.5577347775791355
E14000848,North Norfolk,Aged 16-24,Total,190.0,6264.0,3.033205619412516
E14000849,North Shropshire,Aged 16+,Total,1500.0,92969.0,1.6134410394862804
E14000849,North Shropshire,Aged 16-24,Total,275.0,9791.0,2.808701869063426
E14000850,North Somerset,Aged 16+,Total,970.0,84072.0,1.1537729565134647
E14000850,North Somerset,Aged 16-24,Total,155.0,7962.0,1.9467470484802814
E14000851,North Swindon,Aged 16+,Total,2050.0,89919.0,2.2798296244397735
E14000851,North Swindon,Aged 16-24,Total,345.0,10246.0,3.367167675190318
E14000852,North Thanet,Aged 16+,Total,2655.0,81701.0,3.2496542269984454
E14000852,North Thanet,Aged 16-24,Total,475.0,8697.0,5.461653443716224
E14000853,North Tyneside,Aged 16+,Total,2590.0,88407.0,2.92963226893798
E14000853,North Tyneside,Aged 16-24,Total,555.0,9625.0,5.766233766233767
E14000854,North Warwickshire,Aged 16+,Total,1615.0,76456.0,2.1123260437375744
E14000854,North Warwickshire,Aged 16-24,Total,320.0,8438.0,3.7923678596823893
E14000855,North West Cambridgeshire,Aged 16+,Total,2690.0,106440.0,2.5272453964674932
E14000855,North West Cambridgeshire,Aged 16-24,Total,470.0,11439.0,4.108750764927004
E14000856,North West Durham,Aged 16+,Total,1755.0,78267.0,2.2423243512591515
E14000856,North West Durham,Aged 16-24,Total,370.0,7827.0,4.727226268046506
E14000857,North West Hampshire,Aged 16+,Total,1400.0,88820.0,1.5762215717180814
E14000857,North West Hampshire,Aged 16-24,Total,225.0,9009.0,2.4975024975024978
E14000858,North West Leicestershire,Aged 16+,Total,1350.0,85817.0,1.5731148839973432
E14000858,North West Leicestershire,Aged 16-24,Total,265.0,9694.0,2.733649680214566
E14000859,North West Norfolk,Aged 16+,Total,1700.0,80461.0,2.1128248468201987
E14000859,North West Norfolk,Aged 16-24,Total,330.0,7672.0,4.301355578727842
E14000860,North Wiltshire,Aged 16+,Total,1035.0,78345.0,1.321079839172889
E14000860,North Wiltshire,Aged 16-24,Total,170.0,7682.0,2.2129653736006247
E14000861,Northampton North,Aged 16+,Total,2405.0,68405.0,3.5158248666033183
E14000861,Northampton North,Aged 16-24,Total,410.0,9150.0,4.480874316939891
E14000862,Northampton South,Aged 16+,Total,3285.0,80048.0,4.103787727363581
E14000862,Northampton South,Aged 16-24,Total,505.0,11686.0,4.321410234468595
E14000863,Norwich North,Aged 16+,Total,1810.0,74392.0,2.433057317991182
E14000863,Norwich North,Aged 16-24,Total,360.0,8632.0,4.170528266913809
E14000864,Norwich South,Aged 16+,Total,2500.0,89544.0,2.7919235236308406
E14000864,Norwich South,Aged 16-24,Total,585.0,22001.0,2.6589700468160538
E14000865,Nottingham East,Aged 16+,Total,4970.0,93283.0,5.327873245929054
E14000865,Nottingham East,Aged 16-24,Total,855.0,26219.0,3.260993935695488
E14000866,Nottingham North,Aged 16+,Total,4245.0,75547.0,5.619018624167737
E14000866,Nottingham North,Aged 16-24,Total,890.0,10881.0,8.179395276169469
E14000867,Nottingham South,Aged 16+,Total,3125.0,105651.0,2.957851795061097
E14000867,Nottingham South,Aged 16-24,Total,535.0,37970.0,1.4090071108770081
E14000868,Nuneaton,Aged 16+,Total,2295.0,77019.0,2.9797842090912634
E14000868,Nuneaton,Aged 16-24,Total,505.0,9038.0,5.587519362690861
E14000869,Old Bexley and Sidcup,Aged 16+,Total,1210.0,72487.0,1.6692648336943177
E14000869,Old Bexley and Sidcup,Aged 16-24,Total,200.0,8842.0,2.261931689662972
E14000870,Oldham East and Saddleworth,Aged 16+,Total,4070.0,83869.0,4.852806161990723
E14000870,Oldham East and Saddleworth,Aged 16-24,Total,780.0,11331.0,6.883770187979878
E14000871,Oldham West and Royton,Aged 16+,Total,4680.0,83464.0,5.607207898015911
E14000871,Oldham West and Royton,Aged 16-24,Total,905.0,12610.0,7.1768437747819185
E14000872,Orpington,Aged 16+,Total,1485.0,73291.0,2.026169652481205
E14000872,Orpington,Aged 16-24,Total,235.0,7740.0,3.0361757105943155
E14000873,Oxford East,Aged 16+,Total,2395.0,99396.0,2.4095537043744217
E14000873,Oxford East,Aged 16-24,Total,360.0,30295.0,1.188314903449414
E14000874,Oxford West and Abingdon,Aged 16+,Total,1280.0,90062.0,1.4212431436121782
E14000874,Oxford West and Abingdon,Aged 16-24,Total,185.0,12778.0,1.447800907810299
E14000875,Pendle,Aged 16+,Total,3080.0,72617.0,4.241431069859675
E14000875,Pendle,Aged 16-24,Total,565.0,8514.0,6.636128729151985
E14000876,Penistone and Stocksbridge,Aged 16+,Total,1100.0,74279.0,1.4809030816246853
E14000876,Penistone and Stocksbridge,Aged 16-24,Total,265.0,7112.0,3.7260967379077616
E14000877,Penrith and The Border,Aged 16+,Total,810.0,70602.0,1.1472762811251807
E14000877,Penrith and The Border,Aged 16-24,Total,115.0,6525.0,1.7624521072796935
E14000878,Peterborough,Aged 16+,Total,5075.0,95336.0,5.32327767055467
E14000878,Peterborough,Aged 16-24,Total,915.0,11628.0,7.868937048503612
E14000879,"Plymouth, Moor View",Aged 16+,Total,1800.0,74629.0,2.4119310187728633
E14000879,"Plymouth, Moor View",Aged 16-24,Total,440.0,9102.0,4.834102395078005
E14000880,"Plymouth, Sutton and Devonport",Aged 16+,Total,3425.0,95484.0,3.5869883959616273
E14000880,"Plymouth, Sutton and Devonport",Aged 16-24,Total,760.0,21013.0,3.616808642269072
E14000881,Poole,Aged 16+,Total,1660.0,81766.0,2.030183694934325
E14000881,Poole,Aged 16-24,Total,260.0,8413.0,3.090455247830738
E14000882,Poplar and Limehouse,Aged 16+,Total,6775.0,138208.0,4.902031720305626
E14000882,Poplar and Limehouse,Aged 16-24,Total,1100.0,19993.0,5.501925673985895
E14000883,Portsmouth North,Aged 16+,Total,2405.0,78889.0,3.048587255510908
E14000883,Portsmouth North,Aged 16-24,Total,465.0,9733.0,4.777560875372444
E14000884,Portsmouth South,Aged 16+,Total,3985.0,96447.0,4.13180295913818
E14000884,Portsmouth South,Aged 16-24,Total,715.0,26437.0,2.704542875515376
E14000885,Preston,Aged 16+,Total,3950.0,77002.0,5.129736889950911
E14000885,Preston,Aged 16-24,Total,710.0,16203.0,4.381904585570574
E14000886,Pudsey,Aged 16+,Total,1315.0,73559.0,1.7876806373115457
E14000886,Pudsey,Aged 16-24,Total,300.0,8295.0,3.616636528028933
E14000887,Putney,Aged 16+,Total,2735.0,80919.0,3.3799231330095525
E14000887,Putney,Aged 16-24,Total,350.0,10057.0,3.4801630704981608
E14000888,Rayleigh and Wickford,Aged 16+,Total,1105.0,83984.0,1.3157268051057345
E14000888,Rayleigh and Wickford,Aged 16-24,Total,205.0,9177.0,2.233845483273401
E14000889,Reading East,Aged 16+,Total,2685.0,92047.0,2.9169880604473803
E14000889,Reading East,Aged 16-24,Total,395.0,16571.0,2.3836823366121536
E14000890,Reading West,Aged 16+,Total,2845.0,80482.0,3.534951914713849
E14000890,Reading West,Aged 16-24,Total,475.0,9203.0,5.16136042594806
E14000891,Redcar,Aged 16+,Total,2285.0,71301.0,3.2047236364146365
E14000891,Redcar,Aged 16-24,Total,550.0,8231.0,6.682055643299721
E14000892,Redditch,Aged 16+,Total,2015.0,73288.0,2.749426918458684
E14000892,Redditch,Aged 16-24,Total,405.0,8216.0,4.929406037000974
E14000893,Reigate,Aged 16+,Total,1280.0,84854.0,1.5084733778018715
E14000893,Reigate,Aged 16-24,Total,210.0,9134.0,2.2991022553098315
E14000894,Ribble Valley,Aged 16+,Total,1240.0,85338.0,1.4530455365722186
E14000894,Ribble Valley,Aged 16-24,Total,215.0,9277.0,2.317559555890913
E14000895,Richmond (Yorks),Aged 16+,Total,1110.0,92463.0,1.2004801920768309
E14000895,Richmond (Yorks),Aged 16-24,Total,225.0,9440.0,2.3834745762711864
E14000896,Richmond Park,Aged 16+,Total,1775.0,101852.0,1.7427247378549269
E14000896,Richmond Park,Aged 16-24,Total,210.0,11250.0,1.866666666666667
E14000897,Rochdale,Aged 16+,Total,4485.0,88038.0,5.094391058406597
E14000897,Rochdale,Aged 16-24,Total,725.0,12568.0,5.76861871419478
E14000898,Rochester and Strood,Aged 16+,Total,2570.0,91468.0,2.8097258057462717
E14000898,Rochester and Strood,Aged 16-24,Total,470.0,11636.0,4.039188724647645
E14000899,Rochford and Southend East,Aged 16+,Total,3530.0,85446.0,4.131264190248812
E14000899,Rochford and Southend East,Aged 16-24,Total,655.0,10283.0,6.369736458232033
E14000900,Romford,Aged 16+,Total,2885.0,85349.0,3.3802387842856976
E14000900,Romford,Aged 16-24,Total,415.0,10372.0,4.001156961048978
E14000901,Romsey and Southampton North,Aged 16+,Total,1095.0,77201.0,1.4183754096449528
E14000901,Romsey and Southampton North,Aged 16-24,Total,175.0,13392.0,1.3067502986857826
E14000902,Rossendale and Darwen,Aged 16+,Total,2210.0,79794.0,2.7696318018898665
E14000902,Rossendale and Darwen,Aged 16-24,Total,455.0,8936.0,5.091763652641003
E14000903,Rother Valley,Aged 16+,Total,1625.0,78914.0,2.0592036900930126
E14000903,Rother Valley,Aged 16-24,Total,395.0,8664.0,4.559095106186519
E14000904,Rotherham,Aged 16+,Total,3655.0,73711.0,4.958554354166949
E14000904,Rotherham,Aged 16-24,Total,805.0,9727.0,8.275932970083273
E14000905,Rugby,Aged 16+,Total,1750.0,84643.0,2.067507059059816
E14000905,Rugby,Aged 16-24,Total,310.0,9456.0,3.27834179357022
E14000906,"Ruislip, Northwood and Pinner",Aged 16+,Total,1550.0,78261.0,1.980552254635131
E14000906,"Ruislip, Northwood and Pinner",Aged 16-24,Total,220.0,7523.0,2.924365279808587
E14000907,Runnymede and Weybridge,Aged 16+,Total,1600.0,92224.0,1.7349063150589867
E14000907,Runnymede and Weybridge,Aged 16-24,Total,260.0,14779.0,1.7592529941132689
E14000908,Rushcliffe,Aged 16+,Total,1135.0,84671.0,1.3404825737265416
E14000908,Rushcliffe,Aged 16-24,Total,195.0,10297.0,1.8937554627561426
E14000909,Rutland and Melton,Aged 16+,Total,1355.0,88191.0,1.5364379585218446
E14000909,Rutland and Melton,Aged 16-24,Total,205.0,8885.0,2.3072594259988746
E14000910,Saffron Walden,Aged 16+,Total,1325.0,94813.0,1.3974876862877454
E14000910,Saffron Walden,Aged 16-24,Total,160.0,10262.0,1.559150263106607
E14000911,Salford and Eccles,Aged 16+,Total,4510.0,105287.0,4.283529780504716
E14000911,Salford and Eccles,Aged 16-24,Total,845.0,18200.0,4.642857142857143
E14000912,Salisbury,Aged 16+,Total,1370.0,80112.0,1.7101058518074697
E14000912,Salisbury,Aged 16-24,Total,250.0,7654.0,3.2662660047034233
E14000913,Scarborough and Whitby,Aged 16+,Total,1785.0,81461.0,2.1912326143798873
E14000913,Scarborough and Whitby,Aged 16-24,Total,345.0,7995.0,4.315196998123827
E14000914,Scunthorpe,Aged 16+,Total,2410.0,74308.0,3.243257791893201
E14000914,Scunthorpe,Aged 16-24,Total,515.0,8794.0,5.8562656356606775
E14000915,Sedgefield,Aged 16+,Total,1710.0,69951.0,2.44456834069563
E14000915,Sedgefield,Aged 16-24,Total,380.0,7436.0,5.110274341043572
E14000916,Sefton Central,Aged 16+,Total,860.0,70052.0,1.227659452977788
E14000916,Sefton Central,Aged 16-24,Total,175.0,6783.0,2.5799793601651184
E14000917,Selby and Ainsty,Aged 16+,Total,1280.0,86316.0,1.4829232123824088
E14000917,Selby and Ainsty,Aged 16-24,Total,215.0,9310.0,2.309344790547798
E14000918,Sevenoaks,Aged 16+,Total,1195.0,78180.0,1.5285239191609108
E14000918,Sevenoaks,Aged 16-24,Total,180.0,8148.0,2.2091310751104567
E14000919,Sheffield Central,Aged 16+,Total,3735.0,123690.0,3.019645888915838
E14000919,Sheffield Central,Aged 16-24,Total,750.0,44864.0,1.671718972895863
E14000920,Sheffield South East,Aged 16+,Total,2750.0,76317.0,3.6033911186236356
E14000920,Sheffield South East,Aged 16-24,Total,620.0,9032.0,6.864481842338352
E14000921,"Sheffield, Brightside and Hillsborough",Aged 16+,Total,4795.0,85384.0,5.615806240044973
E14000921,"Sheffield, Brightside and Hillsborough",Aged 16-24,Total,1040.0,11521.0,9.026994184532592
E14000922,"Sheffield, Hallam",Aged 16+,Total,765.0,76191.0,1.0040555971177698
E14000922,"Sheffield, Hallam",Aged 16-24,Total,165.0,12801.0,1.2889617998593859
E14000923,"Sheffield, Heeley",Aged 16+,Total,2955.0,76810.0,3.8471553183179275
E14000923,"Sheffield, Heeley",Aged 16-24,Total,660.0,8754.0,7.539410555174777
E14000924,Sherwood,Aged 16+,Total,1805.0,83709.0,2.156279492049839
E14000924,Sherwood,Aged 16-24,Total,355.0,8918.0,3.980713164386634
E14000925,Shipley,Aged 16+,Total,1925.0,78366.0,2.4564224280938163
E14000925,Shipley,Aged 16-24,Total,420.0,7777.0,5.4005400540054005
E14000926,Shrewsbury and Atcham,Aged 16+,Total,1475.0,90989.0,1.621075075009067
E14000926,Shrewsbury and Atcham,Aged 16-24,Total,280.0,9683.0,2.8916658060518436
E14000927,Sittingbourne and Sheppey,Aged 16+,Total,2915.0,95727.0,3.0451178873254148
E14000927,Sittingbourne and Sheppey,Aged 16-24,Total,620.0,12158.0,5.0995229478532655
E14000928,Skipton and Ripon,Aged 16+,Total,970.0,84429.0,1.1488943372537872
E14000928,Skipton and Ripon,Aged 16-24,Total,160.0,7668.0,2.0865936358894106
E14000929,Sleaford and North Hykeham,Aged 16+,Total,1405.0,99845.0,1.4071811307526665
E14000929,Sleaford and North Hykeham,Aged 16-24,Total,290.0,9547.0,3.0376034356342307
E14000930,Slough,Aged 16+,Total,4985.0,104804.0,4.756497843593756
E14000930,Slough,Aged 16-24,Total,695.0,13926.0,4.990664943271579
E14000931,Solihull,Aged 16+,Total,1575.0,83801.0,1.8794525124998507
E14000931,Solihull,Aged 16-24,Total,310.0,9352.0,3.314798973481608
E14000932,Somerton and Frome,Aged 16+,Total,1435.0,90094.0,1.5927808733100983
E14000932,Somerton and Frome,Aged 16-24,Total,235.0,8541.0,2.7514342582835734
E14000933,South Basildon and East Thurrock,Aged 16+,Total,2310.0,80532.0,2.868424973923409
E14000933,South Basildon and East Thurrock,Aged 16-24,Total,430.0,9720.0,4.423868312757202
E14000934,South Cambridgeshire,Aged 16+,Total,1260.0,95056.0,1.3255344218145093
E14000934,South Cambridgeshire,Aged 16-24,Total,170.0,10836.0,1.568844592100406
E14000935,South Derbyshire,Aged 16+,Total,1570.0,88958.0,1.764877807504665
E14000935,South Derbyshire,Aged 16-24,Total,295.0,10055.0,2.933863749378419
E14000936,South Dorset,Aged 16+,Total,1590.0,79641.0,1.9964591102572795
E14000936,South Dorset,Aged 16-24,Total,295.0,8136.0,3.6258603736479844
E14000937,South East Cambridgeshire,Aged 16+,Total,1385.0,98881.0,1.400673536877661
E14000937,South East Cambridgeshire,Aged 16-24,Total,210.0,10229.0,2.052986606706423
E14000938,South East Cornwall,Aged 16+,Total,1355.0,76040.0,1.781956864807996
E14000938,South East Cornwall,Aged 16-24,Total,245.0,7249.0,3.3797765208994344
E14000939,South Holland and The Deepings,Aged 16+,Total,1805.0,90522.0,1.9939904111707651
E14000939,South Holland and The Deepings,Aged 16-24,Total,290.0,9065.0,3.1991174848317705
E14000940,South Leicestershire,Aged 16+,Total,1310.0,88327.0,1.483125205203392
E14000940,South Leicestershire,Aged 16-24,Total,260.0,9612.0,2.7049521431543906
E14000941,South Norfolk,Aged 16+,Total,1365.0,93227.0,1.464168105806258
E14000941,South Norfolk,Aged 16-24,Total,240.0,9041.0,2.6545736091140357
E14000942,South Northamptonshire,Aged 16+,Total,1320.0,96378.0,1.3696071717611902
E14000942,South Northamptonshire,Aged 16-24,Total,195.0,10289.0,1.895227913305472
E14000943,South Ribble,Aged 16+,Total,1305.0,82093.0,1.5896605069859793
E14000943,South Ribble,Aged 16-24,Total,275.0,8722.0,3.1529465718871816
E14000944,South Shields,Aged 16+,Total,2950.0,69383.0,4.251761958981307
E14000944,South Shields,Aged 16-24,Total,575.0,7977.0,7.208223642973549
E14000945,South Staffordshire,Aged 16+,Total,1525.0,82126.0,1.8569028078805738
E14000945,South Staffordshire,Aged 16-24,Total,310.0,8819.0,3.515137770722304
E14000946,South Suffolk,Aged 16+,Total,1300.0,80786.0,1.609189711088555
E14000946,South Suffolk,Aged 16-24,Total,220.0,8069.0,2.726484074854381
E14000947,South Swindon,Aged 16+,Total,2525.0,87139.0,2.8976692410975566
E14000947,South Swindon,Aged 16-24,Total,445.0,10062.0,4.422580003975353
E14000948,South Thanet,Aged 16+,Total,3045.0,82395.0,3.6956125978518113
E14000948,South Thanet,Aged 16-24,Total,600.0,9141.0,6.563833278634723
E14000949,South West Bedfordshire,Aged 16+,Total,1980.0,92360.0,2.143785188393244
E14000949,South West Bedfordshire,Aged 16-24,Total,320.0,9783.0,3.2709802719002354
E14000950,South West Devon,Aged 16+,Total,815.0,74751.0,1.090286417573009
E14000950,South West Devon,Aged 16-24,Total,170.0,7526.0,2.258836035078395
E14000951,South West Hertfordshire,Aged 16+,Total,1395.0,88866.0,1.5697792181486734
E14000951,South West Hertfordshire,Aged 16-24,Total,200.0,9784.0,2.044153720359771
E14000952,South West Norfolk,Aged 16+,Total,1565.0,89936.0,1.7401263120441202
E14000952,South West Norfolk,Aged 16-24,Total,305.0,9095.0,3.3534909290819135
E14000953,South West Surrey,Aged 16+,Total,1120.0,85377.0,1.311828712650948
E14000953,South West Surrey,Aged 16-24,Total,140.0,9649.0,1.4509275572598197
E14000954,South West Wiltshire,Aged 16+,Total,1380.0,85381.0,1.6162846534943371
E14000954,South West Wiltshire,Aged 16-24,Total,240.0,8662.0,2.770722696836758
E14000955,"Southampton, Itchen",Aged 16+,Total,2980.0,89116.0,3.34395619192962
E14000955,"Southampton, Itchen",Aged 16-24,Total,555.0,17148.0,3.2365290412876133
E14000956,"Southampton, Test",Aged 16+,Total,3415.0,90779.0,3.761883254937816
E14000956,"Southampton, Test",Aged 16-24,Total,625.0,18862.0,3.3135404517018343
E14000957,Southend West,Aged 16+,Total,1715.0,75101.0,2.283591430207321
E14000957,Southend West,Aged 16-24,Total,280.0,7646.0,3.662045513994246
E14000958,Southport,Aged 16+,Total,1760.0,77271.0,2.2776979720723167
E14000958,Southport,Aged 16-24,Total,300.0,7721.0,3.885507058671157
E14000959,Spelthorne,Aged 16+,Total,2040.0,80036.0,2.548853016142736
E14000959,Spelthorne,Aged 16-24,Total,330.0,8648.0,3.8159111933395002
E14000960,St Albans,Aged 16+,Total,1585.0,82015.0,1.9325733097604096
E14000960,St Albans,Aged 16-24,Total,225.0,8813.0,2.553046635651878
E14000961,St Austell and Newquay,Aged 16+,Total,2125.0,89652.0,2.370276179003257
E14000961,St Austell and Newquay,Aged 16-24,Total,360.0,9001.0,3.9995556049327856
E14000962,St Helens North,Aged 16+,Total,2245.0,81481.0,2.755243553711908
E14000962,St Helens North,Aged 16-24,Total,510.0,8991.0,5.672339005672339
E14000963,St Helens South and Whiston,Aged 16+,Total,2755.0,84676.0,3.2535783456941756
E14000963,St Helens South and Whiston,Aged 16-24,Total,645.0,9981.0,6.462278328824766
E14000964,St Ives,Aged 16+,Total,1475.0,73508.0,2.006584317353213
E14000964,St Ives,Aged 16-24,Total,270.0,7150.0,3.7762237762237763
E14000965,Stafford,Aged 16+,Total,1700.0,82732.0,2.054827636222985
E14000965,Stafford,Aged 16-24,Total,305.0,9097.0,3.3527536550511154
E14000966,Staffordshire Moorlands,Aged 16+,Total,925.0,66141.0,1.3985273884579912
E14000966,Staffordshire Moorlands,Aged 16-24,Total,150.0,6561.0,2.2862368541380884
E14000967,Stalybridge and Hyde,Aged 16+,Total,2590.0,75978.0,3.4088815183342542
E14000967,Stalybridge and Hyde,Aged 16-24,Total,540.0,8943.0,6.0382422006038245
E14000968,Stevenage,Aged 16+,Total,1875.0,78410.0,2.391276622879735
E14000968,Stevenage,Aged 16-24,Total,325.0,9141.0,3.555409692593808
E14000969,Stockport,Aged 16+,Total,2565.0,71762.0,3.5743150971266133
E14000969,Stockport,Aged 16-24,Total,515.0,8188.0,6.289692232535418
E14000970,Stockton North,Aged 16+,Total,2710.0,74028.0,3.66077700329605
E14000970,Stockton North,Aged 16-24,Total,625.0,8187.0,7.634053988029803
E14000971,Stockton South,Aged 16+,Total,1980.0,83981.0,2.3576761410319
E14000971,Stockton South,Aged 16-24,Total,380.0,9361.0,4.0593953637431905
E14000972,Stoke-on-Trent Central,Aged 16+,Total,3490.0,70550.0,4.946846208362863
E14000972,Stoke-on-Trent Central,Aged 16-24,Total,680.0,12173.0,5.586133245707714
E14000973,Stoke-on-Trent North,Aged 16+,Total,3365.0,79094.0,4.254431436012846
E14000973,Stoke-on-Trent North,Aged 16-24,Total,645.0,9831.0,6.560878852609093
E14000974,Stoke-on-Trent South,Aged 16+,Total,2350.0,71378.0,3.2923309703269914
E14000974,Stoke-on-Trent South,Aged 16-24,Total,500.0,8634.0,5.791058605513088
E14000975,Stone,Aged 16+,Total,920.0,73228.0,1.256350030043153
E14000975,Stone,Aged 16-24,Total,140.0,6808.0,2.056404230317274
E14000976,Stourbridge,Aged 16+,Total,2185.0,74014.0,2.952144188937228
E14000976,Stourbridge,Aged 16-24,Total,400.0,8538.0,4.684937924572499
E14000977,Stratford-on-Avon,Aged 16+,Total,1070.0,81054.0,1.3201075825992548
E14000977,Stratford-on-Avon,Aged 16-24,Total,145.0,7947.0,1.8245878948030703
E14000978,Streatham,Aged 16+,Total,4720.0,100007.0,4.719669623126381
E14000978,Streatham,Aged 16-24,Total,545.0,10416.0,5.232334869431644
E14000979,Stretford and Urmston,Aged 16+,Total,2705.0,80093.0,3.377323861011574
E14000979,Stretford and Urmston,Aged 16-24,Total,470.0,9863.0,4.765284396228328
E14000980,Stroud,Aged 16+,Total,1230.0,88312.0,1.392789201920464
E14000980,Stroud,Aged 16-24,Total,215.0,9086.0,2.3662777900066034
E14000981,Suffolk Coastal,Aged 16+,Total,1160.0,88239.0,1.3146114529856412
E14000981,Suffolk Coastal,Aged 16-24,Total,195.0,7909.0,2.4655455809836897
E14000982,Sunderland Central,Aged 16+,Total,2905.0,85260.0,3.407224958949097
E14000982,Sunderland Central,Aged 16-24,Total,575.0,11894.0,4.834370270724735
E14000983,Surrey Heath,Aged 16+,Total,1440.0,88825.0,1.621165212496482
E14000983,Surrey Heath,Aged 16-24,Total,230.0,9782.0,2.3512574115722757
E14000984,Sutton and Cheam,Aged 16+,Total,1705.0,82059.0,2.07777330944808
E14000984,Sutton and Cheam,Aged 16-24,Total,215.0,8499.0,2.529709377573832
E14000985,Sutton Coldfield,Aged 16+,Total,1340.0,75862.0,1.76636524215022
E14000985,Sutton Coldfield,Aged 16-24,Total,255.0,8485.0,3.00530347672363
E14000986,Tamworth,Aged 16+,Total,1990.0,78103.0,2.5479174935661884
E14000986,Tamworth,Aged 16-24,Total,410.0,9427.0,4.349209716770977
E14000987,Tatton,Aged 16+,Total,1110.0,71158.0,1.559908935045954
E14000987,Tatton,Aged 16-24,Total,170.0,6630.0,2.564102564102564
E14000988,Taunton Deane,Aged 16+,Total,1725.0,98634.0,1.7488898351481232
E14000988,Taunton Deane,Aged 16-24,Total,305.0,10209.0,2.9875599960818886
E14000989,Telford,Aged 16+,Total,2585.0,77837.0,3.321042691778974
E14000989,Telford,Aged 16-24,Total,580.0,9496.0,6.1078348778433025
E14000990,Tewkesbury,Aged 16+,Total,1400.0,91554.0,1.5291521943333988
E14000990,Tewkesbury,Aged 16-24,Total,240.0,9075.0,2.644628099173554
E14000991,The Cotswolds,Aged 16+,Total,1080.0,86617.0,1.246868397658658
E14000991,The Cotswolds,Aged 16-24,Total,160.0,8650.0,1.8497109826589597
E14000992,The Wrekin,Aged 16+,Total,1575.0,79977.0,1.9693161784012905
E14000992,The Wrekin,Aged 16-24,Total,305.0,11152.0,2.73493543758967
E14000993,Thirsk and Malton,Aged 16+,Total,1095.0,86871.0,1.2604896916117
E14000993,Thirsk and Malton,Aged 16-24,Total,170.0,8073.0,2.1057847144803667
E14000994,Thornbury and Yate,Aged 16+,Total,985.0,72416.0,1.36019664162616
E14000994,Thornbury and Yate,Aged 16-24,Total,180.0,7388.0,2.4363833243096917
E14000995,Thurrock,Aged 16+,Total,3940.0,100478.0,3.9212563944346024
E14000995,Thurrock,Aged 16-24,Total,745.0,12738.0,5.8486418590045535
E14000996,Tiverton and Honiton,Aged 16+,Total,1145.0,87528.0,1.3081528196691343
E14000996,Tiverton and Honiton,Aged 16-24,Total,210.0,8175.0,2.5688073394495414
E14000997,Tonbridge and Malling,Aged 16+,Total,1445.0,86210.0,1.6761396589722768
E14000997,Tonbridge and Malling,Aged 16-24,Total,230.0,9911.0,2.3206538189890025
E14000998,Tooting,Aged 16+,Total,2695.0,88185.0,3.0560752962521973
E14000998,Tooting,Aged 16-24,Total,345.0,10177.0,3.3899970521764766
E14000999,Torbay,Aged 16+,Total,1990.0,83608.0,2.380155009090039
E14000999,Torbay,Aged 16-24,Total,340.0,8187.0,4.152925369488213
E14001000,Torridge and West Devon,Aged 16+,Total,1245.0,86555.0,1.4383917740165213
E14001000,Torridge and West Devon,Aged 16-24,Total,235.0,7681.0,3.059497461268064
E14001001,Totnes,Aged 16+,Total,1080.0,73884.0,1.4617508526879974
E14001001,Totnes,Aged 16-24,Total,190.0,6480.0,2.9320987654320985
E14001002,Tottenham,Aged 16+,Total,8255.0,111143.0,7.427368345284903
E14001002,Tottenham,Aged 16-24,Total,1070.0,16677.0,6.416022066318883
E14001003,Truro and Falmouth,Aged 16+,Total,1475.0,81968.0,1.7994827249658403
E14001003,Truro and Falmouth,Aged 16-24,Total,285.0,12368.0,2.304333764553687
E14001004,Tunbridge Wells,Aged 16+,Total,1525.0,86903.0,1.7548300979252731
E14001004,Tunbridge Wells,Aged 16-24,Total,230.0,8916.0,2.579632122027815
E14001005,Twickenham,Aged 16+,Total,1800.0,93544.0,1.9242281707004192
E14001005,Twickenham,Aged 16-24,Total,215.0,10086.0,2.131667658139996
E14001006,Tynemouth,Aged 16+,Total,1745.0,82805.0,2.1073606666264113
E14001006,Tynemouth,Aged 16-24,Total,325.0,8463.0,3.840245775729647
E14001007,Uxbridge and South Ruislip,Aged 16+,Total,2875.0,89657.0,3.20666540258987
E14001007,Uxbridge and South Ruislip,Aged 16-24,Total,505.0,15674.0,3.2218961337246395
E14001008,Vauxhall,Aged 16+,Total,4750.0,105847.0,4.48760947405217
E14001008,Vauxhall,Aged 16-24,Total,645.0,16191.0,3.983694645173244
E14001009,Wakefield,Aged 16+,Total,2750.0,82068.0,3.3508797582492567
E14001009,Wakefield,Aged 16-24,Total,525.0,9087.0,5.7774843182568505
E14001010,Wallasey,Aged 16+,Total,2310.0,73416.0,3.1464530892448517
E14001010,Wallasey,Aged 16-24,Total,525.0,8583.0,6.116742397763019
E14001011,Walsall North,Aged 16+,Total,3915.0,78289.0,5.000702525258976
E14001011,Walsall North,Aged 16-24,Total,920.0,10508.0,8.755234107346784
E14001012,Walsall South,Aged 16+,Total,4355.0,82244.0,5.295219104129177
E14001012,Walsall South,Aged 16-24,Total,905.0,12583.0,7.1922435031391565
E14001013,Walthamstow,Aged 16+,Total,5850.0,92268.0,6.340226297307843
E14001013,Walthamstow,Aged 16-24,Total,840.0,10971.0,7.656549083948591
E14001014,Wansbeck,Aged 16+,Total,1770.0,69498.0,2.5468358801692137
E14001014,Wansbeck,Aged 16-24,Total,435.0,7261.0,5.990910342927972
E14001015,Wantage,Aged 16+,Total,1785.0,99861.0,1.7874846035990026
E14001015,Wantage,Aged 16-24,Total,295.0,10573.0,2.7901257921119833
E14001016,Warley,Aged 16+,Total,4450.0,76048.0,5.85156743109615
E14001016,Warley,Aged 16-24,Total,815.0,11167.0,7.298289603295424
E14001017,Warrington North,Aged 16+,Total,1660.0,78531.0,2.1138149265894994
E14001017,Warrington North,Aged 16-24,Total,325.0,8814.0,3.687315634218289
E14001018,Warrington South,Aged 16+,Total,1535.0,91434.0,1.6788065708598552
E14001018,Warrington South,Aged 16-24,Total,265.0,10242.0,2.5873852763132197
E14001019,Warwick and Leamington,Aged 16+,Total,1585.0,85391.0,1.8561675117986671
E14001019,Warwick and Leamington,Aged 16-24,Total,280.0,13696.0,2.0443925233644857
E14001020,Washington and Sunderland West,Aged 16+,Total,2005.0,70848.0,2.8300022583559166
E14001020,Washington and Sunderland West,Aged 16-24,Total,425.0,8069.0,5.267071508241418
E14001021,Watford,Aged 16+,Total,3060.0,95803.0,3.1940544659353045
E14001021,Watford,Aged 16-24,Total,475.0,11221.0,4.233134301755637
E14001022,Waveney,Aged 16+,Total,2155.0,87372.0,2.466465229135192
E14001022,Waveney,Aged 16-24,Total,475.0,9228.0,5.147377546597313
E14001023,Wealden,Aged 16+,Total,1290.0,91370.0,1.41184196125643
E14001023,Wealden,Aged 16-24,Total,205.0,9598.0,2.135861637841217
E14001024,Weaver Vale,Aged 16+,Total,1750.0,74016.0,2.364353653264159
E14001024,Weaver Vale,Aged 16-24,Total,365.0,8241.0,4.429074141487684
E14001025,Wellingborough,Aged 16+,Total,2610.0,91109.0,2.8647005235487164
E14001025,Wellingborough,Aged 16-24,Total,520.0,10381.0,5.009151334168192
E14001026,Wells,Aged 16+,Total,1720.0,89401.0,1.923915839867563
E14001026,Wells,Aged 16-24,Total,270.0,9436.0,2.861381941500636
E14001027,Welwyn Hatfield,Aged 16+,Total,2000.0,96029.0,2.082704183111352
E14001027,Welwyn Hatfield,Aged 16-24,Total,345.0,17768.0,1.9416929311121118
E14001028,Wentworth and Dearne,Aged 16+,Total,2410.0,79809.0,3.019709556566302
E14001028,Wentworth and Dearne,Aged 16-24,Total,540.0,9068.0,5.9550066166740185
E14001029,West Bromwich East,Aged 16+,Total,3780.0,73252.0,5.1602686616065085
E14001029,West Bromwich East,Aged 16-24,Total,795.0,9697.0,8.198411879962874
E14001030,West Bromwich West,Aged 16+,Total,3800.0,74664.0,5.0894674809814635
E14001030,West Bromwich West,Aged 16-24,Total,805.0,9788.0,8.224356354720065
E14001031,West Dorset,Aged 16+,Total,1165.0,84881.0,1.3725097489426372
E14001031,West Dorset,Aged 16-24,Total,210.0,6888.0,3.048780487804878
E14001032,West Ham,Aged 16+,Total,9230.0,151671.0,6.085540413131054
E14001032,West Ham,Aged 16-24,Total,1235.0,23441.0,5.268546563713152
E14001033,West Lancashire,Aged 16+,Total,1880.0,80922.0,2.323224833790564
E14001033,West Lancashire,Aged 16-24,Total,375.0,13151.0,2.8514941829518667
E14001034,West Suffolk,Aged 16+,Total,1675.0,94987.0,1.7633992019960625
E14001034,West Suffolk,Aged 16-24,Total,255.0,10620.0,2.401129943502825
E14001035,West Worcestershire,Aged 16+,Total,1340.0,82425.0,1.6257203518350014
E14001035,West Worcestershire,Aged 16-24,Total,230.0,7524.0,3.0568846358320045
E14001036,Westminster North,Aged 16+,Total,3705.0,112254.0,3.300550537174622
E14001036,Westminster North,Aged 16-24,Total,485.0,13462.0,3.602733620561581
E14001037,Westmorland and Lonsdale,Aged 16+,Total,665.0,72859.0,0.912721832580738
E14001037,Westmorland and Lonsdale,Aged 16-24,Total,100.0,7204.0,1.3881177123820099
E14001038,Weston-Super-Mare,Aged 16+,Total,2195.0,92372.0,2.376261204694063
E14001038,Weston-Super-Mare,Aged 16-24,Total,450.0,10058.0,4.474050507059058
E14001039,Wigan,Aged 16+,Total,2715.0,86526.0,3.137785174398447
E14001039,Wigan,Aged 16-24,Total,505.0,10145.0,4.977821586988664
E14001040,Wimbledon,Aged 16+,Total,1705.0,79050.0,2.156862745098039
E14001040,Wimbledon,Aged 16-24,Total,210.0,7626.0,2.753737214791503
E14001041,Winchester,Aged 16+,Total,1205.0,83586.0,1.4416289809298206
E14001041,Winchester,Aged 16-24,Total,220.0,13277.0,1.6570008285004143
E14001042,Windsor,Aged 16+,Total,1435.0,86070.0,1.6672475891716043
E14001042,Windsor,Aged 16-24,Total,175.0,10176.0,1.7197327044025157
E14001043,Wirral South,Aged 16+,Total,745.0,60626.0,1.2288457097614884
E14001043,Wirral South,Aged 16-24,Total,160.0,6132.0,2.609262883235486
E14001044,Wirral West,Aged 16+,Total,780.0,57603.0,1.3540961408259988
E14001044,Wirral West,Aged 16-24,Total,170.0,5640.0,3.0141843971631204
E14001045,Witham,Aged 16+,Total,1305.0,76647.0,1.70261066969353
E14001045,Witham,Aged 16-24,Total,235.0,7977.0,2.945969662780494
E14001046,Witney,Aged 16+,Total,1235.0,91164.0,1.354701417226098
E14001046,Witney,Aged 16-24,Total,190.0,9268.0,2.0500647388864914
E14001047,Woking,Aged 16+,Total,1685.0,83832.0,2.009972325603588
E14001047,Woking,Aged 16-24,Total,235.0,8820.0,2.6643990929705215
E14001048,Wokingham,Aged 16+,Total,1305.0,90838.0,1.4366234395297122
E14001048,Wokingham,Aged 16-24,Total,200.0,10863.0,1.8411120316671268
E14001049,Wolverhampton North East,Aged 16+,Total,4150.0,71511.0,5.803302988351442
E14001049,Wolverhampton North East,Aged 16-24,Total,875.0,9152.0,9.560751748251748
E14001050,Wolverhampton South East,Aged 16+,Total,4440.0,74120.0,5.990286022665947
E14001050,Wolverhampton South East,Aged 16-24,Total,885.0,9512.0,9.3040370058873
E14001051,Wolverhampton South West,Aged 16+,Total,3730.0,71839.0,5.192165815225714
E14001051,Wolverhampton South West,Aged 16-24,Total,655.0,9285.0,7.054388799138395
E14001052,Worcester,Aged 16+,Total,2270.0,81888.0,2.7720789370847987
E14001052,Worcester,Aged 16-24,Total,445.0,12283.0,3.622893429943825
E14001053,Workington,Aged 16+,Total,1300.0,66422.0,1.957182861100238
E14001053,Workington,Aged 16-24,Total,245.0,6800.0,3.602941176470588
E14001054,Worsley and Eccles South,Aged 16+,Total,3400.0,81740.0,4.15953021776364
E14001054,Worsley and Eccles South,Aged 16-24,Total,680.0,10016.0,6.7891373801916926
E14001055,Worthing West,Aged 16+,Total,1650.0,84304.0,1.9572025052192066
E14001055,Worthing West,Aged 16-24,Total,295.0,7292.0,4.0455293472298415
E14001056,Wycombe,Aged 16+,Total,2860.0,86387.0,3.3106833204070054
E14001056,Wycombe,Aged 16-24,Total,380.0,11505.0,3.302911777488049
E14001057,Wyre and Preston North,Aged 16+,Total,975.0,77072.0,1.265050861532074
E14001057,Wyre and Preston North,Aged 16-24,Total,160.0,7587.0,2.1088704362725714
E14001058,Wyre Forest,Aged 16+,Total,1850.0,83749.0,2.208981599780296
E14001058,Wyre Forest,Aged 16-24,Total,340.0,8635.0,3.937463810075275
E14001059,Wythenshawe and Sale East,Aged 16+,Total,3300.0,83655.0,3.9447731755424065
E14001059,Wythenshawe and Sale East,Aged 16-24,Total,660.0,8807.0,7.4940388327466785
E14001060,Yeovil,Aged 16+,Total,1600.0,91830.0,1.7423499945551564
E14001060,Yeovil,Aged 16-24,Total,290.0,9372.0,3.0943235168587284
E14001061,York Central,Aged 16+,Total,1670.0,97073.0,1.720354784543591
E14001061,York Central,Aged 16-24,Total,310.0,23387.0,1.3255227263009364
E14001062,York Outer,Aged 16+,Total,630.0,81231.0,0.7755659785057428
E14001062,York Outer,Aged 16-24,Total,130.0,12343.0,1.0532285505954793
N06000001,Belfast East,Aged 16+,Total,1800.0,,
N06000001,Belfast East,Aged 16-24,Total,285.0,,
N06000002,Belfast North,Aged 16+,Total,3420.0,,
N06000002,Belfast North,Aged 16-24,Total,630.0,,
N06000003,Belfast South,Aged 16+,Total,2250.0,,
N06000003,Belfast South,Aged 16-24,Total,335.0,,
N06000004,Belfast West,Aged 16+,Total,2770.0,,
N06000004,Belfast West,Aged 16-24,Total,460.0,,
N06000005,East Antrim,Aged 16+,Total,1495.0,,
N06000005,East Antrim,Aged 16-24,Total,245.0,,
N06000006,East Londonderry,Aged 16+,Total,2045.0,,
N06000006,East Londonderry,Aged 16-24,Total,395.0,,
N06000007,Fermanagh & South Tyrone,Aged 16+,Total,1670.0,,
N06000007,Fermanagh & South Tyrone,Aged 16-24,Total,245.0,,
N06000008,Foyle,Aged 16+,Total,3610.0,,
N06000008,Foyle,Aged 16-24,Total,675.0,,
N06000009,Lagan Valley,Aged 16+,Total,1445.0,,
N06000009,Lagan Valley,Aged 16-24,Total,255.0,,
N06000010,Mid Ulster,Aged 16+,Total,1265.0,,
N06000010,Mid Ulster,Aged 16-24,Total,190.0,,
N06000011,Newry & Armagh,Aged 16+,Total,2250.0,,
N06000011,Newry & Armagh,Aged 16-24,Total,325.0,,
N06000012,North Antrim,Aged 16+,Total,1970.0,,
N06000012,North Antrim,Aged 16-24,Total,360.0,,
N06000013,North Down,Aged 16+,Total,1295.0,,
N06000013,North Down,Aged 16-24,Total,205.0,,
N06000014,South Antrim,Aged 16+,Total,1395.0,,
N06000014,South Antrim,Aged 16-24,Total,235.0,,
N06000015,South Down,Aged 16+,Total,1660.0,,
N06000015,South Down,Aged 16-24,Total,265.0,,
N06000016,Strangford,Aged 16+,Total,1695.0,,
N06000016,Strangford,Aged 16-24,Total,335.0,,
N06000017,Upper Bann,Aged 16+,Total,2360.0,,
N06000017,Upper Bann,Aged 16-24,Total,365.0,,
N06000018,West Tyrone,Aged 16+,Total,1545.0,,
N06000018,West Tyrone,Aged 16-24,Total,270.0,,
S14000001,Aberdeen North,Aged 16+,Total,2805.0,,
S14000001,Aberdeen North,Aged 16-24,Total,505.0,,
S14000002,Aberdeen South,Aged 16+,Total,1560.0,,
S14000002,Aberdeen South,Aged 16-24,Total,265.0,,
S14000003,Airdrie and Shotts,Aged 16+,Total,1935.0,,
S14000003,Airdrie and Shotts,Aged 16-24,Total,380.0,,
S14000004,Angus,Aged 16+,Total,1625.0,,
S14000004,Angus,Aged 16-24,Total,395.0,,
S14000005,Argyll and Bute,Aged 16+,Total,1385.0,,
S14000005,Argyll and Bute,Aged 16-24,Total,240.0,,
S14000006,"Ayr, Carrick and Cumnock",Aged 16+,Total,2155.0,,
S14000006,"Ayr, Carrick and Cumnock",Aged 16-24,Total,440.0,,
S14000007,Banff and Buchan,Aged 16+,Total,1375.0,,
S14000007,Banff and Buchan,Aged 16-24,Total,270.0,,
S14000008,"Berwickshire, Roxburgh and Selkirk",Aged 16+,Total,1675.0,,
S14000008,"Berwickshire, Roxburgh and Selkirk",Aged 16-24,Total,315.0,,
S14000009,"Caithness, Sutherland and Easter Ross",Aged 16+,Total,840.0,,
S14000009,"Caithness, Sutherland and Easter Ross",Aged 16-24,Total,145.0,,
S14000010,Central Ayrshire,Aged 16+,Total,1730.0,,
S14000010,Central Ayrshire,Aged 16-24,Total,340.0,,
S14000011,"Coatbridge, Chryston and Bellshill",Aged 16+,Total,2030.0,,
S14000011,"Coatbridge, Chryston and Bellshill",Aged 16-24,Total,365.0,,
S14000012,"Cumbernauld, Kilsyth and Kirkintilloch East",Aged 16+,Total,1585.0,,
S14000012,"Cumbernauld, Kilsyth and Kirkintilloch East",Aged 16-24,Total,315.0,,
S14000013,Dumfries and Galloway,Aged 16+,Total,1635.0,,
S14000013,Dumfries and Galloway,Aged 16-24,Total,310.0,,
S14000014,"Dumfriesshire, Clydesdale and Tweeddale",Aged 16+,Total,1160.0,,
S14000014,"Dumfriesshire, Clydesdale and Tweeddale",Aged 16-24,Total,205.0,,
S14000015,Dundee East,Aged 16+,Total,1720.0,,
S14000015,Dundee East,Aged 16-24,Total,365.0,,
S14000016,Dundee West,Aged 16+,Total,2540.0,,
S14000016,Dundee West,Aged 16-24,Total,515.0,,
S14000017,Dunfermline and West Fife,Aged 16+,Total,1715.0,,
S14000017,Dunfermline and West Fife,Aged 16-24,Total,335.0,,
S14000018,East Dunbartonshire,Aged 16+,Total,745.0,,
S14000018,East Dunbartonshire,Aged 16-24,Total,115.0,,
S14000019,"East Kilbride, Strathaven and Lesmahagow",Aged 16+,Total,1490.0,,
S14000019,"East Kilbride, Strathaven and Lesmahagow",Aged 16-24,Total,250.0,,
S14000020,East Lothian,Aged 16+,Total,1570.0,,
S14000020,East Lothian,Aged 16-24,Total,290.0,,
S14000021,East Renfrewshire,Aged 16+,Total,1000.0,,
S14000021,East Renfrewshire,Aged 16-24,Total,165.0,,
S14000022,Edinburgh East,Aged 16+,Total,2055.0,,
S14000022,Edinburgh East,Aged 16-24,Total,265.0,,
S14000023,Edinburgh North and Leith,Aged 16+,Total,2250.0,,
S14000023,Edinburgh North and Leith,Aged 16-24,Total,260.0,,
S14000024,Edinburgh South,Aged 16+,Total,1035.0,,
S14000024,Edinburgh South,Aged 16-24,Total,170.0,,
S14000025,Edinburgh South West,Aged 16+,Total,1840.0,,
S14000025,Edinburgh South West,Aged 16-24,Total,300.0,,
S14000026,Edinburgh West,Aged 16+,Total,1300.0,,
S14000026,Edinburgh West,Aged 16-24,Total,190.0,,
S14000027,Na h-Eileanan An Iar,Aged 16+,Total,285.0,,
S14000027,Na h-Eileanan An Iar,Aged 16-24,Total,45.0,,
S14000028,Falkirk,Aged 16+,Total,1890.0,,
S14000028,Falkirk,Aged 16-24,Total,435.0,,
S14000029,Glasgow Central,Aged 16+,Total,4185.0,,
S14000029,Glasgow Central,Aged 16-24,Total,650.0,,
S14000030,Glasgow East,Aged 16+,Total,3090.0,,
S14000030,Glasgow East,Aged 16-24,Total,520.0,,
S14000031,Glasgow North,Aged 16+,Total,1935.0,,
S14000031,Glasgow North,Aged 16-24,Total,285.0,,
S14000032,Glasgow North East,Aged 16+,Total,3560.0,,
S14000032,Glasgow North East,Aged 16-24,Total,560.0,,
S14000033,Glasgow North West,Aged 16+,Total,2755.0,,
S14000033,Glasgow North West,Aged 16-24,Total,445.0,,
S14000034,Glasgow South,Aged 16+,Total,2450.0,,
S14000034,Glasgow South,Aged 16-24,Total,365.0,,
S14000035,Glasgow South West,Aged 16+,Total,2900.0,,
S14000035,Glasgow South West,Aged 16-24,Total,505.0,,
S14000036,Glenrothes,Aged 16+,Total,2165.0,,
S14000036,Glenrothes,Aged 16-24,Total,495.0,,
S14000037,Gordon,Aged 16+,Total,985.0,,
S14000037,Gordon,Aged 16-24,Total,180.0,,
S14000038,Inverclyde,Aged 16+,Total,1740.0,,
S14000038,Inverclyde,Aged 16-24,Total,345.0,,
S14000039,"Inverness, Nairn, Badenoch and Strathspey",Aged 16+,Total,1490.0,,
S14000039,"Inverness, Nairn, Badenoch and Strathspey",Aged 16-24,Total,265.0,,
S14000040,Kilmarnock and Loudoun,Aged 16+,Total,2320.0,,
S14000040,Kilmarnock and Loudoun,Aged 16-24,Total,445.0,,
S14000041,Kirkcaldy and Cowdenbeath,Aged 16+,Total,2620.0,,
S14000041,Kirkcaldy and Cowdenbeath,Aged 16-24,Total,520.0,,
S14000042,Lanark and Hamilton East,Aged 16+,Total,1915.0,,
S14000042,Lanark and Hamilton East,Aged 16-24,Total,335.0,,
S14000043,Linlithgow and East Falkirk,Aged 16+,Total,2105.0,,
S14000043,Linlithgow and East Falkirk,Aged 16-24,Total,435.0,,
S14000044,Livingston,Aged 16+,Total,1920.0,,
S14000044,Livingston,Aged 16-24,Total,420.0,,
S14000045,Midlothian,Aged 16+,Total,1295.0,,
S14000045,Midlothian,Aged 16-24,Total,250.0,,
S14000046,Moray,Aged 16+,Total,1255.0,,
S14000046,Moray,Aged 16-24,Total,215.0,,
S14000047,Motherwell and Wishaw,Aged 16+,Total,2175.0,,
S14000047,Motherwell and Wishaw,Aged 16-24,Total,425.0,,
S14000048,North Ayrshire and Arran,Aged 16+,Total,2480.0,,
S14000048,North Ayrshire and Arran,Aged 16-24,Total,515.0,,
S14000049,North East Fife,Aged 16+,Total,950.0,,
S14000049,North East Fife,Aged 16-24,Total,150.0,,
S14000050,Ochil and South Perthshire,Aged 16+,Total,1595.0,,
S14000050,Ochil and South Perthshire,Aged 16-24,Total,310.0,,
S14000051,Orkney and Shetland,Aged 16+,Total,420.0,,
S14000051,Orkney and Shetland,Aged 16-24,Total,80.0,,
S14000052,Paisley and Renfrewshire North,Aged 16+,Total,1565.0,,
S14000052,Paisley and Renfrewshire North,Aged 16-24,Total,285.0,,
S14000053,Paisley and Renfrewshire South,Aged 16+,Total,2020.0,,
S14000053,Paisley and Renfrewshire South,Aged 16-24,Total,345.0,,
S14000054,Perth and North Perthshire,Aged 16+,Total,1515.0,,
S14000054,Perth and North Perthshire,Aged 16-24,Total,260.0,,
S14000055,"Ross, Skye and Lochaber",Aged 16+,Total,850.0,,
S14000055,"Ross, Skye and Lochaber",Aged 16-24,Total,125.0,,
S14000056,Rutherglen and Hamilton West,Aged 16+,Total,2265.0,,
S14000056,Rutherglen and Hamilton West,Aged 16-24,Total,415.0,,
S14000057,Stirling,Aged 16+,Total,1380.0,,
S14000057,Stirling,Aged 16-24,Total,280.0,,
S14000058,West Aberdeenshire and Kincardine,Aged 16+,Total,805.0,,
S14000058,West Aberdeenshire and Kincardine,Aged 16-24,Total,135.0,,
S14000059,West Dunbartonshire,Aged 16+,Total,2370.0,,
S14000059,West Dunbartonshire,Aged 16-24,Total,450.0,,
W07000041,Ynys Mon,Aged 16+,Total,1420.0,58519.0,2.4265623130948923
W07000041,Ynys Mon,Aged 16-24,Total,255.0,6000.0,4.25
W07000042,Delyn,Aged 16+,Total,1250.0,57950.0,2.1570319240724762
W07000042,Delyn,Aged 16-24,Total,245.0,6525.0,3.7547892720306515
W07000043,Alyn and Deeside,Aged 16+,Total,1370.0,70100.0,1.9543509272467903
W07000043,Alyn and Deeside,Aged 16-24,Total,240.0,8174.0,2.936138977244923
W07000044,Wrexham,Aged 16+,Total,1415.0,58192.0,2.431605718999175
W07000044,Wrexham,Aged 16-24,Total,290.0,6806.0,4.260946223920071
W07000045,Llanelli,Aged 16+,Total,1545.0,68690.0,2.2492356966079488
W07000045,Llanelli,Aged 16-24,Total,320.0,8222.0,3.8919970810021893
W07000046,Gower,Aged 16+,Total,975.0,65849.0,1.4806602985618613
W07000046,Gower,Aged 16-24,Total,205.0,7205.0,2.8452463566967383
W07000047,Swansea West,Aged 16+,Total,2060.0,70752.0,2.911578471279964
W07000047,Swansea West,Aged 16-24,Total,360.0,16842.0,2.1375133594584965
W07000048,Swansea East,Aged 16+,Total,1955.0,68391.0,2.858563261247825
W07000048,Swansea East,Aged 16-24,Total,365.0,9445.0,3.8644785600847014
W07000049,Aberavon,Aged 16+,Total,1295.0,56986.0,2.2724879795037376
W07000049,Aberavon,Aged 16-24,Total,310.0,7452.0,4.159957058507783
W07000050,Cardiff Central,Aged 16+,Total,2490.0,80586.0,3.0898667262303623
W07000050,Cardiff Central,Aged 16-24,Total,460.0,29748.0,1.54632244184483
W07000051,Cardiff North,Aged 16+,Total,1190.0,74751.0,1.591951947131142
W07000051,Cardiff North,Aged 16-24,Total,240.0,11731.0,2.0458613928906315
W07000052,Rhondda,Aged 16+,Total,1765.0,56775.0,3.1087626596213123
W07000052,Rhondda,Aged 16-24,Total,425.0,7286.0,5.833104584133956
W07000053,Torfaen,Aged 16+,Total,1920.0,68973.0,2.7836979687703884
W07000053,Torfaen,Aged 16-24,Total,420.0,8383.0,5.010139568173685
W07000054,Monmouth,Aged 16+,Total,1130.0,73405.0,1.539404672706219
W07000054,Monmouth,Aged 16-24,Total,220.0,7376.0,2.9826464208242953
W07000055,Newport East,Aged 16+,Total,2290.0,66424.0,3.4475490786462726
W07000055,Newport East,Aged 16-24,Total,405.0,8755.0,4.62592804111936
W07000056,Newport West,Aged 16+,Total,2500.0,72858.0,3.431332180405721
W07000056,Newport West,Aged 16-24,Total,460.0,8774.0,5.242762708000911
W07000057,Arfon,Aged 16+,Total,1180.0,52300.0,2.2562141491395793
W07000057,Arfon,Aged 16-24,Total,260.0,10701.0,2.429679469208485
W07000058,Aberconwy,Aged 16+,Total,1080.0,50302.0,2.147031927159954
W07000058,Aberconwy,Aged 16-24,Total,195.0,5097.0,3.825779870512066
W07000059,Clwyd West,Aged 16+,Total,1470.0,62010.0,2.370585389453314
W07000059,Clwyd West,Aged 16-24,Total,320.0,6514.0,4.912496162112373
W07000060,Vale of Clwyd,Aged 16+,Total,1690.0,59730.0,2.829398961995647
W07000060,Vale of Clwyd,Aged 16-24,Total,365.0,6924.0,5.271519352975159
W07000061,Dwyfor Meirionnydd,Aged 16+,Total,805.0,52119.0,1.5445422974347167
W07000061,Dwyfor Meirionnydd,Aged 16-24,Total,135.0,5265.0,2.564102564102564
W07000062,Clwyd South,Aged 16+,Total,1180.0,58489.0,2.017473371061225
W07000062,Clwyd South,Aged 16-24,Total,230.0,6575.0,3.4980988593155895
W07000063,Montgomeryshire,Aged 16+,Total,760.0,53311.0,1.425596968730656
W07000063,Montgomeryshire,Aged 16-24,Total,115.0,5728.0,2.0076815642458103
W07000064,Ceredigion,Aged 16+,Total,1095.0,62121.0,1.7626889457671318
W07000064,Ceredigion,Aged 16-24,Total,215.0,10606.0,2.0271544408825193
W07000065,Preseli Pembrokeshire,Aged 16+,Total,1475.0,66401.0,2.2213520880709625
W07000065,Preseli Pembrokeshire,Aged 16-24,Total,280.0,7152.0,3.9149888143176734
W07000066,Carmarthen West and South Pembrokeshire,Aged 16+,Total,1275.0,65644.0,1.9422948022667725
W07000066,Carmarthen West and South Pembrokeshire,Aged 16-24,Total,265.0,7031.0,3.76902289859195
W07000067,Carmarthen East and Dinefwr,Aged 16+,Total,1065.0,61570.0,1.7297385090141302
W07000067,Carmarthen East and Dinefwr,Aged 16-24,Total,200.0,6290.0,3.1796502384737675
W07000068,Brecon and Radnorshire,Aged 16+,Total,890.0,58650.0,1.5174765558397272
W07000068,Brecon and Radnorshire,Aged 16-24,Total,170.0,5579.0,3.0471410647069366
W07000069,Neath,Aged 16+,Total,1275.0,62279.0,2.0472390372356655
W07000069,Neath,Aged 16-24,Total,280.0,7287.0,3.842459173871278
W07000070,Cynon Valley,Aged 16+,Total,1540.0,58130.0,2.6492344744538108
W07000070,Cynon Valley,Aged 16-24,Total,395.0,7282.0,5.424333974182917
W07000071,Merthyr Tydfil and Rhymney,Aged 16+,Total,1735.0,62172.0,2.7906453065688734
W07000071,Merthyr Tydfil and Rhymney,Aged 16-24,Total,395.0,7652.0,5.162049137480397
W07000072,Blaenau Gwent,Aged 16+,Total,1675.0,57814.0,2.8972221261286193
W07000072,Blaenau Gwent,Aged 16-24,Total,380.0,6792.0,5.5948174322732624
W07000073,Bridgend,Aged 16+,Total,1355.0,71157.0,1.904239920176511
W07000073,Bridgend,Aged 16-24,Total,320.0,8065.0,3.967761934283943
W07000074,Ogmore,Aged 16+,Total,1265.0,64099.0,1.9735097271408293
W07000074,Ogmore,Aged 16-24,Total,255.0,7795.0,3.27132777421424
W07000075,Pontypridd,Aged 16+,Total,1205.0,68179.0,1.7674063861306266
W07000075,Pontypridd,Aged 16-24,Total,270.0,9760.0,2.7663934426229506
W07000076,Caerphilly,Aged 16+,Total,1705.0,71828.0,2.373726123517291
W07000076,Caerphilly,Aged 16-24,Total,470.0,8813.0,5.333030750028367
W07000077,Islwyn,Aged 16+,Total,1395.0,63102.0,2.210706475230579
W07000077,Islwyn,Aged 16-24,Total,350.0,7788.0,4.494093477144324
W07000078,Vale of Glamorgan,Aged 16+,Total,1945.0,85601.0,2.2721697176434854
W07000078,Vale of Glamorgan,Aged 16-24,Total,420.0,10042.0,4.182433778131847
W07000079,Cardiff West,Aged 16+,Total,2420.0,75174.0,3.219198127011999
W07000079,Cardiff West,Aged 16-24,Total,520.0,9430.0,5.514316012725344
W07000080,Cardiff South and Penarth,Aged 16+,Total,3390.0,95473.0,3.550742094623611
W07000080,Cardiff South and Penarth,Aged 16-24,Total,625.0,12712.0,4.916614222781623
